,node,degree_centrality
0,25655077,0.29814907453726863
1,25993982,0.0010005002501250625
2,26139113,0.18009004502251125
3,26228051,0.144072036018009
4,26350435,0.10705352676338169
5,26369812,0.1470735367683842
6,26404497,0.17908954477238617
7,26442948,0.09204602301150575
8,26456194,0.03751875937968984
9,26484384,0.1505752876438219
10,26493221,0.16508254127063532
11,26494147,0.14507253626813404
12,26499211,0.21660830415207602
13,26525791,0.13606803401700848
14,26539799,0.0035017508754377185
15,26547698,0.0005002501250625312
16,26584757,0.00850425212606303
17,26592804,0.0720360180090045
18,26608112,0.007003501750875437
19,26626629,0.0035017508754377185
20,26648572,0.17808904452226113
21,26656137,0.07503751875937968
22,26687241,0.080040020010005
23,26712133,0.1410705352676338
24,26713409,0.02451225612806403
25,26719024,0.15507753876938468
26,26725481,0.1470735367683842
27,26730548,0.1470735367683842
28,26732025,0.006003001500750374
29,26732674,0.030515257628814404
30,26734854,0.19809904952476237
31,26745958,0.0705352676338169
32,26748808,0.2321160580290145
33,26751078,0.0010005002501250625
34,26772654,0.03151575787893947
35,26778205,0.17108554277138568
36,26789765,0.02051025512756378
37,26794312,0.017508754377188594
38,26795535,0.11705852926463231
39,26808616,0.19109554777388693
40,26824936,0.10455227613806903
41,26824959,0.0
42,26829479,0.04102051025512756
43,26832757,0.16008004002001
44,26844896,0.22861430715357678
45,26846714,0.09554777388694347
46,26849911,0.13756878439219608
47,26851369,0.00400200100050025
48,26852912,0.005502751375687844
49,26856692,0.0080040020010005
50,26863534,0.1310655327663832
51,26866877,0.2941470735367684
52,26871890,0.2406203101550775
53,26873992,0.04252126063031515
54,26875765,0.11205602801400699
55,26883426,0.22511255627813906
56,26886330,0.0
57,26891260,0.004502251125562781
58,26896660,0.09554777388694347
59,26897538,0.14007003501750875
60,26902126,0.01250625312656328
61,26902206,0.1890945472736368
62,26907705,0.15607803901950976
63,26909754,0.16008004002001
64,26909937,0.026513256628314157
65,26911565,0.010505252626313155
66,26916401,0.015007503751875937
67,26917481,0.06703351675837918
68,26922474,0.20210105052526262
69,26927324,0.15957978989494745
70,26940096,0.1860930465232616
71,26944931,0.14657328664332164
72,26945628,0.03451725862931466
73,26952110,0.04552276138069034
74,26956134,0.0015007503751875936
75,26980769,0.011505752876438218
76,26985663,0.026013006503251623
77,26985971,0.006503251625812906
78,26986223,0.10955477738869433
79,26991287,0.015507753876938469
80,26996809,0.14907453726863432
81,26999396,0.2031015507753877
82,27007817,0.11155577788894447
83,27008420,0.13406703351675836
84,27009960,0.02501250625312656
85,27012393,0.14957478739369684
86,27019370,0.018009004502251125
87,27021077,0.027513756878439218
88,27025861,0.15957978989494745
89,27026477,0.011005502751375688
90,27034006,0.002001000500250125
91,27036372,0.0005002501250625312
92,27038565,0.0010005002501250625
93,27046192,0.09204602301150575
94,27048655,0.059029514757378686
95,27049291,0.0035017508754377185
96,27067364,0.0010005002501250625
97,27071218,0.027513756878439218
98,27080206,0.21560780390195097
99,27089856,0.3506753376688344
100,27102123,0.1890945472736368
101,27103596,0.11355677838919459
102,27105454,0.003001500750375187
103,27109069,0.07953976988494246
104,27113633,0.1715857928964482
105,27129587,0.013006503251625811
106,27131840,0.1505752876438219
107,27135828,0.055027513756878435
108,27143304,0.047023511755877934
109,27147305,0.22461230615307654
110,27156911,0.027513756878439218
111,27160596,0.21710855427713854
112,27160597,0.15457728864432216
113,27160599,0.17208604302151073
114,27160600,0.023011505752876436
115,27161623,0.10755377688844421
116,27163406,0.0015007503751875936
117,27163748,0.018009004502251125
118,27164952,0.14607303651825912
119,27168130,0.11055527763881941
120,27168587,0.21810905452726362
121,27171345,0.19009504752376186
122,27181596,0.017508754377188594
123,27182713,0.09854927463731865
124,27183583,0.04502251125562781
125,27187357,0.25812906453226614
126,27189173,0.0025012506253126563
127,27191801,0.1615807903951976
128,27193536,0.14807403701850924
129,27197902,0.09054527263631815
130,27208129,0.12056028014007003
131,27208765,0.022011005502751375
132,27210415,0.02451225612806403
133,27226199,0.06753376688344172
134,27230284,0.056028014007003496
135,27232359,0.03701850925462731
136,27232956,0.07953976988494246
137,27244050,0.015507753876938469
138,27244133,0.005502751375687844
139,27246787,0.20560280140070034
140,27261333,0.052026013006503245
141,27271210,0.20210105052526262
142,27272460,0.00400200100050025
143,27273254,0.3111555777888944
144,27276179,0.12306153076538268
145,27291693,0.0080040020010005
146,27294279,0.11105552776388193
147,27306928,0.240120060030015
148,27317253,0.11205602801400699
149,27318321,0.09204602301150575
150,27318963,0.0005002501250625312
151,27328781,0.007003501750875437
152,27334068,0.0050025012506253125
153,27339467,0.02001000500250125
154,27342545,0.21510755377688842
155,27344142,0.15457728864432216
156,27349900,0.0005002501250625312
157,27351824,0.03151575787893947
158,27358498,0.0005002501250625312
159,27363513,0.03251625812906453
160,27367675,0.2661330665332666
161,27374407,0.04552276138069034
162,27374804,0.11555777888944471
163,27376281,0.01650825412706353
164,27381717,0.009504752376188093
165,27381911,0.013006503251625811
166,27383625,0.11405702851425711
167,27384541,0.15257628814407204
168,27389350,0.16358179089544772
169,27391304,0.002001000500250125
170,27397476,0.11455727863931965
171,27399672,0.21410705352676337
172,27402133,0.015507753876938469
173,27406684,0.32866433216608304
174,27411325,0.11355677838919459
175,27411328,0.23461730865432714
176,27412444,0.02851425712856428
177,27418360,0.10205102551275637
178,27431217,0.0
179,27436114,0.13406703351675836
180,27436468,0.050525262631315654
181,27440892,0.006503251625812906
182,27445230,0.0035017508754377185
183,27447896,0.12356178089044521
184,27450123,0.11155577788894447
185,27451089,0.12356178089044521
186,27456484,0.19009504752376186
187,27458980,0.04552276138069034
188,27470405,0.03351675837918959
189,27482803,0.11555777888944471
190,27494907,0.12306153076538268
191,27494922,0.14857428714357176
192,27495286,0.026513256628314157
193,27496450,0.1345672836418209
194,27514277,0.128064032016008
195,27514477,0.007503751875937968
196,27515123,0.006003001500750374
197,27523077,0.0050025012506253125
198,27523278,0.0
199,27524653,0.20860430215107553
200,27525401,0.144072036018009
201,27531221,0.20210105052526262
202,27531368,0.17358679339669833
203,27538436,0.11155577788894447
204,27549081,0.16708354177088544
205,27552222,0.06953476738369184
206,27553962,0.1825912956478239
207,27554054,0.25862931465732864
208,27554395,0.032016008004002
209,27554496,0.14857428714357176
210,27559117,0.1310655327663832
211,27563166,0.004502251125562781
212,27564119,0.03501750875437719
213,27566575,0.10405202601300649
214,27566913,0.08304152076038018
215,27569943,0.13806903451725863
216,27572406,0.19909954977488742
217,27585423,0.006503251625812906
218,27586266,0.2036018009004502
219,27589857,0.0010005002501250625
220,27592491,0.1570785392696348
221,27611478,0.09104552276138068
222,27613063,0.2261130565282641
223,27616887,0.33216608304152073
224,27623341,0.07153576788394196
225,27624303,0.1330665332666333
226,27626075,0.017508754377188594
227,27627202,0.1345672836418209
228,27630217,0.0400200100050025
229,27631346,0.22261130565282639
230,27640333,0.014007003501750874
231,27646139,0.08854427213606803
232,27650261,0.07103551775887944
233,27664674,0.1825912956478239
234,27666191,0.0035017508754377185
235,27671056,0.16458229114557277
236,27671059,0.09604802401200599
237,27682444,0.022011005502751375
238,27686609,0.12606303151575787
239,27693093,0.14357178589294647
240,27693786,0.026013006503251623
241,27697755,0.026513256628314157
242,27707713,0.0080040020010005
243,27718471,0.13856928464232116
244,27719656,0.004502251125562781
245,27723765,0.012006003001500749
246,27725697,0.18659329664832414
247,27741523,0.1890945472736368
248,27752727,0.16308154077038517
249,27758686,0.08104052026013006
250,27766360,0.007003501750875437
251,27771329,0.13606803401700848
252,27782165,0.03801900950475237
253,27788502,0.29664832416208103
254,27792459,0.07803901950975488
255,27799205,0.09254627313656828
256,27799211,0.1470735367683842
257,27801377,0.15007503751875936
258,27802107,0.16058029014507252
259,27808235,0.11205602801400699
260,27813588,0.11355677838919459
261,27817992,0.0015007503751875936
262,27818338,0.02101050525262631
263,27825605,0.08054027013506752
264,27826141,0.19459729864932465
265,27836642,0.12756378189094547
266,27837316,0.1825912956478239
267,27840892,0.010505252626313155
268,27840979,0.02851425712856428
269,27845023,0.3706853426713356
270,27849592,0.031015507753876938
271,27864176,0.13006503251625812
272,27865495,0.006003001500750374
273,27870138,0.26013006503251623
274,27872062,0.0015007503751875936
275,27872080,0.17358679339669833
276,27874065,0.07653826913456728
277,27878401,0.19259629814907453
278,27888793,0.07503751875937968
279,27890236,0.17708854427213605
280,27890597,0.12206103051525762
281,27893854,0.047523761880940464
282,27903451,0.16608304152076037
283,27907988,0.12306153076538268
284,27912176,0.21060530265132565
285,27917926,0.14757378689344672
286,27919647,0.16208104052026012
287,27923704,0.058529264632316155
288,27924724,0.18159079539769885
289,27936728,0.10355177588794397
290,27940358,0.15457728864432216
291,27974458,0.0015007503751875936
292,27979206,0.056528264132066026
293,27980020,0.4137068534267133
294,27992528,0.13556778389194596
295,27993849,0.08704352176088044
296,27995765,0.056028014007003496
297,27997719,0.15507753876938468
298,28006672,0.056528264132066026
299,28013501,0.0850425212606303
300,28013502,0.30415207603801897
301,28013506,0.21410705352676337
302,28013507,0.19759879939969985
303,28026958,0.08354177088544272
304,28053238,0.1860930465232616
305,28056107,0.019009504752376186
306,28059088,0.23011505752876438
307,28061765,0.047523761880940464
308,28062699,0.055027513756878435
309,28077764,0.15657828914457228
310,28081296,0.0865432716358179
311,28083516,0.19609804902451225
312,28085571,0.26313156578289143
313,28085905,0.003001500750375187
314,28089718,0.19209604802401198
315,28093229,0.11255627813906953
316,28094872,0.2001000500250125
317,28096156,0.026013006503251623
318,28096297,0.0080040020010005
319,28102471,0.08954477238619309
320,28104898,0.015007503751875937
321,28112393,0.14907453726863432
322,28115347,0.015007503751875937
323,28120188,0.09004502251125562
324,28122182,0.20410205102551274
325,28128096,0.1955977988994497
326,28131941,0.1985992996498249
327,28135311,0.1585792896448224
328,28139542,0.10305152576288143
329,28159208,0.0050025012506253125
330,28161291,0.15507753876938468
331,28161532,0.0050025012506253125
332,28165293,0.04152076038019009
333,28165472,0.22011005502751374
334,28167560,0.14507253626813404
335,28168848,0.0
336,28174100,0.23261630815407702
337,28180225,0.2016008004002001
338,28185358,0.11005502751375687
339,28186244,0.004502251125562781
340,28193662,0.1985992996498249
341,28198085,0.018509254627313655
342,28204513,0.1505752876438219
343,28230084,0.21860930465232614
344,28232096,0.14957478739369684
345,28232132,0.23511755877938967
346,28235040,0.047023511755877934
347,28241127,0.18959479739869933
348,28242227,0.23961980990495246
349,28257552,0.011005502751375688
350,28261570,0.2131065532766383
351,28264618,0.23561780890445222
352,28271476,0.0785392696348174
353,28278044,0.04152076038019009
354,28288070,0.03751875937968984
355,28294428,0.011005502751375688
356,28298400,0.0015007503751875936
357,28299556,0.15807903951975988
358,28301157,0.003001500750375187
359,28304405,0.16408204102051024
360,28306563,0.12556278139069535
361,28336464,0.0
362,28339295,0.02451225612806403
363,28344161,0.1905952976488244
364,28347740,0.005502751375687844
365,28348052,0.047523761880940464
366,28348463,0.02151075537768884
367,28356382,0.19159579789894945
368,28358014,0.1470735367683842
369,28364794,0.0770385192596298
370,28369424,0.17758879439719857
371,28370835,0.0400200100050025
372,28372989,0.19359679839919958
373,28379682,0.00400200100050025
374,28396405,0.013006503251625811
375,28397764,0.19309654827413705
376,28400211,0.20760380190095046
377,28401067,0.15657828914457228
378,28415492,0.15657828914457228
379,28420069,0.04052026013006503
380,28423004,0.12356178089044521
381,28429578,0.003001500750375187
382,28431948,0.015507753876938469
383,28440556,0.006003001500750374
384,28441432,0.013506753376688344
385,28441741,0.03401700850425212
386,28442446,0.0035017508754377185
387,28445757,0.2621310655327664
388,28452682,0.0050025012506253125
389,28457834,0.14307153576788392
390,28457962,0.0035017508754377185
391,28466780,0.0025012506253126563
392,28468662,0.13156578289144572
393,28479275,0.1615807903951976
394,28483966,0.1825912956478239
395,28484129,0.10855427713856927
396,28485077,0.062031015507753876
397,28485360,0.03401700850425212
398,28494754,0.04102051025512756
399,28501649,0.00850425212606303
400,28507110,0.0735367683841921
401,28513074,0.04202101050525262
402,28521031,0.02151075537768884
403,28522372,0.13556778389194596
404,28522421,0.14157078539269632
405,28530185,0.2146073036518259
406,28545350,0.029514757378689343
407,28545990,0.1455727863931966
408,28550342,0.009504752376188093
409,28554994,0.2706353176588294
410,28557193,0.016008004002001
411,28560564,0.00400200100050025
412,28567543,0.1410705352676338
413,28575388,0.006503251625812906
414,28576760,0.1875937968984492
415,28578399,0.0945472736368184
416,28583831,0.12606303151575787
417,28586429,0.12156078039019509
418,28605445,0.15207603801900949
419,28617190,0.01650825412706353
420,28622535,0.018009004502251125
421,28623332,0.0010005002501250625
422,28624864,0.19509754877438718
423,28625810,0.08304152076038018
424,28627688,0.00400200100050025
425,28629124,0.14657328664332164
426,28630199,0.20710355177588793
427,28632181,0.05702851425712856
428,28636788,0.38219109554777386
429,28641565,0.03151575787893947
430,28645176,0.08254127063531766
431,28645609,0.1680840420210105
432,28646205,0.15157578789394696
433,28648044,0.032016008004002
434,28649561,0.047523761880940464
435,28650559,0.16558279139569784
436,28654019,0.007503751875937968
437,28654918,0.0050025012506253125
438,28655927,0.13756878439219608
439,28662432,0.04152076038019009
440,28662506,0.052026013006503245
441,28669389,0.1395697848924462
442,28669836,0.2261130565282641
443,28675246,0.1505752876438219
444,28676717,0.052026013006503245
445,28682360,0.06903451725862932
446,28691457,0.0
447,28695731,0.13806903451725863
448,28698568,0.21560780390195097
449,28699872,0.022011005502751375
450,28704517,0.011505752876438218
451,28705756,0.06153076538269134
452,28709869,0.027013506753376687
453,28710439,0.007003501750875437
454,28712636,0.050525262631315654
455,28713976,0.03451725862931466
456,28715972,0.011005502751375688
457,28716359,0.031015507753876938
458,28717895,0.0025012506253126563
459,28719861,0.1745872936468234
460,28724555,0.1540770385192596
461,28724927,0.26163081540770383
462,28731688,0.01250625312656328
463,28733990,0.14807403701850924
464,28737669,0.10505252626313155
465,28739790,0.03901950975487744
466,28739824,0.2741370685342671
467,28741151,0.018009004502251125
468,28757198,0.03451725862931466
469,28761101,0.2926463231615808
470,28784676,0.2451225612806403
471,28807425,0.14207103551775888
472,28812779,0.0
473,28815637,0.010005002501250625
474,28821865,0.10755377688844421
475,28825809,0.11005502751375687
476,28827120,0.21060530265132565
477,28827826,0.1585792896448224
478,28831061,0.11155577788894447
479,28831625,0.02501250625312656
480,28834198,0.17258629314657328
481,28837113,0.18009004502251125
482,28842373,0.012006003001500749
483,28850103,0.10505252626313155
484,28852016,0.006003001500750374
485,28859483,0.0
486,28885732,0.012006003001500749
487,28885829,0.14457228614307152
488,28887200,0.058529264632316155
489,28889015,0.04452226113056528
490,28890511,0.03901950975487744
491,28893646,0.06703351675837918
492,28893788,0.22011005502751374
493,28919348,0.23561780890445222
494,28919413,0.030515257628814404
495,28923774,0.00400200100050025
496,28931578,0.02851425712856428
497,28939819,0.15257628814407204
498,28941238,0.13856928464232116
499,28946234,0.13806903451725863
500,28954201,0.002001000500250125
501,28956355,0.1570785392696348
502,28960168,0.01250625312656328
503,28960341,0.006003001500750374
504,28962028,0.15507753876938468
505,28962863,0.18809404702351173
506,28964265,0.030015007503751873
507,28968210,0.06903451725862932
508,28968775,0.018009004502251125
509,28971863,0.1310655327663832
510,28975890,0.002001000500250125
511,28981608,0.19359679839919958
512,28988712,0.04552276138069034
513,28993516,0.0035017508754377185
514,29020766,0.10955477738869433
515,29022388,0.09354677338669334
516,29022391,0.048024012006002995
517,29029221,0.009504752376188093
518,29032156,0.17208604302151073
519,29033090,0.031015507753876938
520,29035869,0.14857428714357176
521,29037914,0.15957978989494745
522,29039950,0.11805902951475737
523,29050026,0.14357178589294647
524,29052266,0.1345672836418209
525,29059517,0.0
526,29061006,0.05702851425712856
527,29063446,0.09154577288644322
528,29066254,0.006503251625812906
529,29079106,0.03601800900450225
530,29081057,0.14757378689344672
531,29087009,0.01250625312656328
532,29090413,0.01950975487743872
533,29092042,0.31165582791395696
534,29097338,0.14857428714357176
535,29103733,0.010505252626313155
536,29107964,0.19159579789894945
537,29108968,0.15907953976988493
538,29108998,0.2596298149074537
539,29112318,0.2706353176588294
540,29117525,0.05302651325662831
541,29126991,0.02151075537768884
542,29127051,0.14457228614307152
543,29128927,0.024012006003001497
544,29145610,0.16108054027013505
545,29149329,0.28064032016008
546,29158274,0.04252126063031515
547,29158283,0.03901950975487744
548,29161657,0.11355677838919459
549,29162543,0.15457728864432216
550,29172482,0.1825912956478239
551,29173094,0.18809404702351173
552,29173155,0.06703351675837918
553,29173452,0.012006003001500749
554,29175613,0.1310655327663832
555,29182906,0.03951975987993997
556,29186926,0.004502251125562781
557,29192758,0.1295647823911956
558,29193517,0.12406203101550775
559,29196621,0.07603801900950474
560,29197647,0.21860930465232614
561,29199328,0.018009004502251125
562,29203494,0.08154077038519258
563,29206070,0.00850425212606303
564,29208497,0.03351675837918959
565,29208979,0.054527263631815905
566,29211886,0.06453226613306653
567,29221995,0.17958979489744872
568,29227635,0.144072036018009
569,29238962,0.006003001500750374
570,29239714,0.0865432716358179
571,29239826,0.0400200100050025
572,29248453,0.009004502251125562
573,29248469,0.013506753376688344
574,29248479,0.0050025012506253125
575,29253951,0.11155577788894447
576,29257013,0.0025012506253126563
577,29263076,0.1730865432716358
578,29267366,0.16408204102051024
579,29268741,0.2291145572786393
580,29271696,0.007003501750875437
581,29275987,0.1200600300150075
582,29280948,0.13206603301650824
583,29282039,0.006503251625812906
584,29283389,0.07653826913456728
585,29287697,0.10955477738869433
586,29288710,0.022011005502751375
587,29290146,0.01650825412706353
588,29291379,0.0
589,29301193,0.1425712856428214
590,29305989,0.18459229614807401
591,29305994,0.14907453726863432
592,29307737,0.064032016008004
593,29310083,0.057528764382191094
594,29310642,0.15257628814407204
595,29313424,0.054527263631815905
596,29319514,0.03451725862931466
597,29322649,0.1970985492746373
598,29322917,0.10555277638819409
599,29328950,0.027513756878439218
600,29332402,0.17108554277138568
601,29338810,0.006003001500750374
602,29347628,0.2261130565282641
603,29351202,0.1955977988994497
604,29351622,0.2676338169084542
605,29353377,0.16108054027013505
606,29355579,0.14657328664332164
607,29355606,0.004502251125562781
608,29361158,0.03451725862931466
609,29364843,0.014507253626813406
610,29366323,0.09604802401200599
611,29366723,0.06703351675837918
612,29370287,0.0
613,29370365,0.07903951975987994
614,29372443,0.09604802401200599
615,29378633,0.19109554777388693
616,29382080,0.07503751875937968
617,29389911,0.17758879439719857
618,29390186,0.23261630815407702
619,29402269,0.12706353176588292
620,29407895,0.024012006003001497
621,29408220,0.027513756878439218
622,29431605,0.047523761880940464
623,29436150,0.023511755877938967
624,29439871,0.06753376688344172
625,29440679,0.0005002501250625312
626,29441657,0.14757378689344672
627,29443852,0.06053026513256628
628,29446150,0.09654827413706853
629,29452081,0.14607303651825912
630,29452934,0.11255627813906953
631,29453967,0.16608304152076037
632,29456043,0.2016008004002001
633,29456203,0.015507753876938469
634,29463301,0.1970985492746373
635,29465767,0.03251625812906453
636,29473491,0.007003501750875437
637,29481562,0.2161080540270135
638,29483640,0.019009504752376186
639,29485690,0.2911455727863932
640,29499697,0.030515257628814404
641,29501691,0.23511755877938967
642,29506422,0.004502251125562781
643,29513530,0.027013506753376687
644,29515567,0.07153576788394196
645,29518324,0.19609804902451225
646,29526196,0.01650825412706353
647,29530639,0.03951975987993997
648,29531357,0.1665832916458229
649,29532754,0.0005002501250625312
650,29537426,0.0025012506253126563
651,29539262,0.17108554277138568
652,29540517,0.2901450725362681
653,29547731,0.010505252626313155
654,29549670,0.012006003001500749
655,29549942,0.07253626813406702
656,29559676,0.0005002501250625312
657,29563281,0.13506753376688344
658,29572135,0.09404702351175587
659,29578641,0.17058529264632316
660,29581070,0.007503751875937968
661,29587194,0.11055527763881941
662,29599127,0.16608304152076037
663,29600981,0.0035017508754377185
664,29604144,0.010005002501250625
665,29604208,0.024012006003001497
666,29614844,0.3051525762881441
667,29619942,0.04052026013006503
668,29631525,0.17808904452226113
669,29644526,0.011505752876438218
670,29652914,0.30665332666333167
671,29663932,0.03651825912956478
672,29665026,0.0025012506253126563
673,29665030,0.03501750875437719
674,29667472,0.00400200100050025
675,29679762,0.22161080540270134
676,29680320,0.04552276138069034
677,29681237,0.14757378689344672
678,29684333,0.005502751375687844
679,29684609,0.0050025012506253125
680,29687452,0.019009504752376186
681,29693177,0.029514757378689343
682,29697297,0.13556778389194596
683,29701912,0.05002501250625312
684,29703140,0.0050025012506253125
685,29712662,0.15107553776888444
686,29727856,0.014507253626813406
687,29728628,0.007503751875937968
688,29728914,0.2696348174087043
689,29738229,0.056028014007003496
690,29739717,0.026013006503251623
691,29752064,0.012006003001500749
692,29774357,0.04902451225612806
693,29776930,0.03701850925462731
694,29784508,0.0400200100050025
695,29784844,0.08104052026013006
696,29794056,0.064032016008004
697,29795682,0.14657328664332164
698,29800568,0.02451225612806403
699,29806648,0.013006503251625811
700,29808604,0.026013006503251623
701,29850754,0.018509254627313655
702,29854575,0.0865432716358179
703,29856606,0.19809904952476237
704,29858013,0.02001000500250125
705,29858832,0.12456228114057027
706,29869651,0.06953476738369184
707,29870564,0.009504752376188093
708,29870810,0.04852426213106553
709,29873850,0.059529764882441216
710,29874611,0.18059029514757377
711,29874631,0.15357678839419708
712,29879224,0.20460230115057526
713,29884996,0.054527263631815905
714,29890069,0.14457228614307152
715,29894713,0.08304152076038018
716,29894854,0.0010005002501250625
717,29899462,0.06653326663331666
718,29905453,0.0005002501250625312
719,29920962,0.12306153076538268
720,29933702,0.128064032016008
721,29959006,0.004502251125562781
722,29959380,0.14357178589294647
723,29963726,0.07153576788394196
724,29969762,0.0005002501250625312
725,29970891,0.25812906453226614
726,29980138,0.11405702851425711
727,29981697,0.23011505752876438
728,29983273,0.1615807903951976
729,29991120,0.013506753376688344
730,29996565,0.2036018009004502
731,29998877,0.12256128064032015
732,30008433,0.13206603301650824
733,30012343,0.25562781390695344
734,30012440,0.12606303151575787
735,30015958,0.006503251625812906
736,30017979,0.04452226113056528
737,30020150,0.0010005002501250625
738,30021422,0.2596298149074537
739,30026942,0.2371185592796398
740,30027472,0.07653826913456728
741,30027848,0.22411205602801398
742,30028623,0.032016008004002
743,30028947,0.12906453226613307
744,30037389,0.006003001500750374
745,30037998,0.10855427713856927
746,30040725,0.1470735367683842
747,30046138,0.17558779389694845
748,30052033,0.0
749,30053390,0.13706853426713356
750,30060219,0.1825912956478239
751,30061285,0.18359179589794897
752,30061724,0.054527263631815905
753,30064544,0.28714357178589295
754,30074139,0.0
755,30076041,0.1715857928964482
756,30084624,0.0050025012506253125
757,30085657,0.0
758,30097635,0.12106053026513255
759,30100608,0.14507253626813404
760,30100908,0.1890945472736368
761,30110701,0.007003501750875437
762,30118246,0.15257628814407204
763,30120393,0.10605302651325663
764,30120878,0.2371185592796398
765,30121768,0.009504752376188093
766,30124845,0.1310655327663832
767,30124905,0.2146073036518259
768,30125334,0.053526763381690844
769,30125584,0.17058529264632316
770,30134885,0.018509254627313655
771,30135402,0.22861430715357678
772,30136030,0.1715857928964482
773,30138665,0.10405202601300649
774,30141159,0.15907953976988493
775,30142005,0.03301650825412706
776,30154940,0.002001000500250125
777,30179517,0.13256628314157076
778,30184071,0.02001000500250125
779,30184243,0.031015507753876938
780,30188994,0.16408204102051024
781,30189011,0.0945472736368184
782,30195937,0.0050025012506253125
783,30196859,0.007503751875937968
784,30207151,0.0
785,30215733,0.2771385692846423
786,30216370,0.0930465232616308
787,30218443,0.23611805902951474
788,30226397,0.2991495747873937
789,30227230,0.0025012506253126563
790,30229514,0.1860930465232616
791,30243923,0.11055527763881941
792,30250474,0.08904452226113056
793,30252196,0.11405702851425711
794,30255784,0.24862431215607803
795,30260702,0.09204602301150575
796,30266635,0.03401700850425212
797,30268502,0.09004502251125562
798,30269257,0.21210605302651325
799,30269852,0.03801900950475237
800,30270115,0.014507253626813406
801,30275388,0.0
802,30278360,0.02051025512756378
803,30278498,0.007503751875937968
804,30279112,0.13256628314157076
805,30279359,0.15607803901950976
806,30280189,0.023011505752876436
807,30281385,0.20110055027513754
808,30282755,0.01250625312656328
809,30283451,0.1345672836418209
810,30292804,0.1185592796398199
811,30295142,0.06453226613306653
812,30305321,0.21860930465232614
813,30315110,0.04452226113056528
814,30322120,0.25812906453226614
815,30324092,0.0655327663831916
816,30332796,0.06653326663331666
817,30335975,0.01700850425212606
818,30341079,0.057528764382191094
819,30345920,0.08954477238619309
820,30346140,0.07003501750875438
821,30352512,0.00400200100050025
822,30357331,0.007503751875937968
823,30378477,0.02851425712856428
824,30381619,0.031015507753876938
825,30385768,0.0
826,30389546,0.027013506753376687
827,30397984,0.031015507753876938
828,30398957,0.016008004002001
829,30400225,0.014007003501750874
830,30403128,0.09154577288644322
831,30417789,0.20960480240120058
832,30419397,0.03401700850425212
833,30424807,0.0005002501250625312
834,30431401,0.18209104552276137
835,30439463,0.14307153576788392
836,30439489,0.12556278139069535
837,30442678,0.024012006003001497
838,30442963,0.13356678339169584
839,30443594,0.1615807903951976
840,30447379,0.1470735367683842
841,30448894,0.005502751375687844
842,30449002,0.04352176088044022
843,30452697,0.03351675837918959
844,30452920,0.047523761880940464
845,30452933,0.013006503251625811
846,30463067,0.1860930465232616
847,30463701,0.06503251625812906
848,30463703,0.11205602801400699
849,30466931,0.3081540770385192
850,30468326,0.1410705352676338
851,30468745,0.07653826913456728
852,30475200,0.1250625312656328
853,30475620,0.0
854,30476737,0.22311155577788894
855,30498092,0.0770385192596298
856,30499668,0.18859429714857429
857,30500757,0.12206103051525762
858,30518070,0.0850425212606303
859,30522443,0.18509254627313657
860,30526450,0.16608304152076037
861,30528610,0.3186593296648324
862,30529003,0.029014507253626812
863,30529536,0.09404702351175587
864,30530405,0.14507253626813404
865,30532539,0.22211105552776386
866,30534914,0.07253626813406702
867,30543423,0.04252126063031515
868,30568031,0.018009004502251125
869,30568447,0.005502751375687844
870,30570475,0.2161080540270135
871,30575780,0.0080040020010005
872,30576144,0.017508754377188594
873,30577543,0.009004502251125562
874,30579321,0.002001000500250125
875,30583005,0.1555777888944472
876,30583449,0.011005502751375688
877,30589253,0.11455727863931965
878,30593676,0.35317658829414705
879,30594464,0.09204602301150575
880,30596392,0.07503751875937968
881,30596889,0.0
882,30599395,0.027513756878439218
883,30610164,0.2641320660330165
884,30624668,0.12306153076538268
885,30632884,0.1425712856428214
886,30633257,0.14807403701850924
887,30634055,0.06053026513256628
888,30635223,0.1970985492746373
889,30638446,0.1200600300150075
890,30641322,0.054027013506753374
891,30663555,0.19259629814907453
892,30685290,0.14957478739369684
893,30688322,0.12906453226613307
894,30692997,0.1585792896448224
895,30696553,0.012006003001500749
896,30701201,0.13056528264132064
897,30709056,0.1295647823911956
898,30711763,0.1840920460230115
899,30712073,0.02001000500250125
900,30720421,0.14357178589294647
901,30720896,0.19459729864932465
902,30734396,0.017508754377188594
903,30735368,0.18809404702351173
904,30753486,0.03951975987993997
905,30769293,0.017508754377188594
906,30773930,0.02151075537768884
907,30783935,0.1680840420210105
908,30785139,0.0010005002501250625
909,30787405,0.11205602801400699
910,30793045,0.07303651825912956
911,30794556,0.00400200100050025
912,30796747,0.26863431715857927
913,30796888,0.0655327663831916
914,30797287,0.16108054027013505
915,30807529,0.004502251125562781
916,30823998,0.11055527763881941
917,30824944,0.054027013506753374
918,30830745,0.07303651825912956
919,30831306,0.2726363181590795
920,30831322,0.04352176088044022
921,30832731,0.13656828414207103
922,30842227,0.2466233116558279
923,30842232,0.16308154077038517
924,30842778,0.013506753376688344
925,30843356,0.15757878939469733
926,30844701,0.10505252626313155
927,30848594,0.28414207103551775
928,30849936,0.2696348174087043
929,30851450,0.2626313156578289
930,30865424,0.0005002501250625312
931,30873936,0.10055027513756877
932,30917919,0.14857428714357176
933,30919848,0.3356678339169585
934,30919904,0.03151575787893947
935,30921683,0.04352176088044022
936,30924621,0.07303651825912956
937,30928860,0.007003501750875437
938,30929087,0.050525262631315654
939,30930888,0.1955977988994497
940,30936102,0.10955477738869433
941,30936500,0.0080040020010005
942,30942652,0.15157578789394696
943,30944281,0.022011005502751375
944,30947673,0.009504752376188093
945,30949899,0.12356178089044521
946,30951282,0.12406203101550775
947,30954430,0.12756378189094547
948,30957977,0.23561780890445222
949,30964377,0.16208104052026012
950,30967028,0.0625312656328164
951,30972305,0.144072036018009
952,30972868,0.005502751375687844
953,30980360,0.19659829914957477
954,30985084,0.022011005502751375
955,30986374,0.16108054027013505
956,30991151,0.09354677338669334
957,30995821,0.09754877438719359
958,30999788,0.007503751875937968
959,31001787,0.11205602801400699
960,31003954,0.14207103551775888
961,31012001,0.015007503751875937
962,31020664,0.019009504752376186
963,31023570,0.16008004002001
964,31026481,0.18009004502251125
965,31034495,0.15907953976988493
966,31040323,0.05002501250625312
967,31042710,0.17958979489744872
968,31044071,0.15807903951975988
969,31054799,0.0005002501250625312
970,31059253,0.018509254627313655
971,31068610,0.064032016008004
972,31070724,0.19409704852426213
973,31080973,0.0705352676338169
974,31085703,0.01250625312656328
975,31088910,0.09104552276138068
976,31098677,0.02101050525262631
977,31101936,0.15357678839419708
978,31108023,0.04052026013006503
979,31116540,0.0035017508754377185
980,31122850,0.0010005002501250625
981,31134066,0.19759879939969985
982,31140789,0.19959979989994997
983,31144014,0.16308154077038517
984,31144441,0.16708354177088544
985,31144503,0.0080040020010005
986,31154007,0.18209104552276137
987,31154008,0.12456228114057027
988,31158448,0.004502251125562781
989,31160313,0.20210105052526262
990,31181304,0.11955977988994497
991,31182007,0.0770385192596298
992,31199612,0.1395697848924462
993,31203191,0.006003001500750374
994,31207076,0.12156078039019509
995,31207402,0.014007003501750874
996,31209009,0.20460230115057526
997,31209306,0.009504752376188093
998,31216222,0.10505252626313155
999,31216814,0.01650825412706353
1000,31226356,0.055027513756878435
1001,31228542,0.19659829914957477
1002,31228931,0.21810905452726362
1003,31232005,0.18009004502251125
1004,31239161,0.15257628814407204
1005,31241658,0.08604302151075537
1006,31242693,0.20460230115057526
1007,31243959,0.11755877938969483
1008,31245047,0.047023511755877934
1009,31250760,0.0930465232616308
1010,31252518,0.024012006003001497
1011,31257848,0.0005002501250625312
1012,31260926,0.17408704352176088
1013,31262018,0.006003001500750374
1014,31262645,0.03601800900450225
1015,31265023,0.022511255627813906
1016,31273247,0.12306153076538268
1017,31278129,0.022511255627813906
1018,31278172,0.08254127063531766
1019,31278884,0.15157578789394696
1020,31280613,0.12706353176588292
1021,31284958,0.03651825912956478
1022,31287812,0.15607803901950976
1023,31288894,0.007003501750875437
1024,31290530,0.007503751875937968
1025,31290614,0.07153576788394196
1026,31292668,0.04502251125562781
1027,31317613,0.0005002501250625312
1028,31319209,0.14307153576788392
1029,31336833,0.04402201100550275
1030,31340916,0.15607803901950976
1031,31344137,0.10005002501250625
1032,31348855,0.0
1033,31351116,0.10355177588794397
1034,31356928,0.0010005002501250625
1035,31361004,0.13556778389194596
1036,31362092,0.1540770385192596
1037,31364074,0.2611305652826413
1038,31364076,0.005502751375687844
1039,31364084,0.002001000500250125
1040,31364146,0.12256128064032015
1041,31364735,0.027513756878439218
1042,31365246,0.003001500750375187
1043,31374901,0.2001000500250125
1044,31385514,0.030515257628814404
1045,31402295,0.17358679339669833
1046,31407222,0.002001000500250125
1047,31420345,0.01950975487743872
1048,31422413,0.08454227113556778
1049,31424014,0.128064032016008
1050,31429686,0.02151075537768884
1051,31429688,0.047023511755877934
1052,31430343,0.06953476738369184
1053,31430558,0.21410705352676337
1054,31432254,0.055027513756878435
1055,31438821,0.176088044022011
1056,31441618,0.003001500750375187
1057,31443260,0.1890945472736368
1058,31445122,0.013506753376688344
1059,31448889,0.12556278139069535
1060,31469195,0.047023511755877934
1061,31469857,0.07253626813406702
1062,31477042,0.015507753876938469
1063,31482943,0.04102051025512756
1064,31484765,0.144072036018009
1065,31495877,0.009504752376188093
1066,31500220,0.026513256628314157
1067,31509851,0.15657828914457228
1068,31511628,0.0735367683841921
1069,31512522,0.04952476238119059
1070,31513820,0.09104552276138068
1071,31515599,0.00850425212606303
1072,31526069,0.018009004502251125
1073,31528955,0.12106053026513255
1074,31528961,0.04502251125562781
1075,31529504,0.04402201100550275
1076,31541777,0.18859429714857429
1077,31545652,0.057528764382191094
1078,31548055,0.1455727863931966
1079,31548559,0.16558279139569784
1080,31548788,0.047523761880940464
1081,31553285,0.1745872936468234
1082,31555832,0.12256128064032015
1083,31556252,0.1455727863931966
1084,31560985,0.11505752876438219
1085,31573795,0.2661330665332666
1086,31574341,0.16058029014507252
1087,31578353,0.06453226613306653
1088,31580833,0.028014007003501748
1089,31585860,0.12706353176588292
1090,31597744,0.17658829414707353
1091,31602826,0.14157078539269632
1092,31608795,0.00400200100050025
1093,31612325,0.06453226613306653
1094,31612826,0.1570785392696348
1095,31614561,0.06503251625812906
1096,31619537,0.026013006503251623
1097,31629100,0.07953976988494246
1098,31629797,0.1825912956478239
1099,31635388,0.0035017508754377185
1100,31636641,0.17958979489744872
1101,31649297,0.0
1102,31655268,0.2146073036518259
1103,31656198,0.2436218109054527
1104,31658371,0.006503251625812906
1105,31660862,0.1905952976488244
1106,31666656,0.0015007503751875936
1107,31668583,0.11205602801400699
1108,31669654,0.12906453226613307
1109,31673920,0.09504752376188093
1110,31674183,0.11805902951475737
1111,31678742,0.1665832916458229
1112,31681295,0.16008004002001
1113,31682816,0.018509254627313655
1114,31694895,0.1410705352676338
1115,31698984,0.144072036018009
1116,31712128,0.0050025012506253125
1117,31726911,0.06503251625812906
1118,31735572,0.2276138069034517
1119,31744250,0.11155577788894447
1120,31748324,0.1810905452726363
1121,31748527,0.14507253626813404
1122,31755930,0.25712856428214104
1123,31758921,0.0035017508754377185
1124,31760879,0.17508754377188593
1125,31767727,0.20960480240120058
1126,31770106,0.02101050525262631
1127,31770604,0.16058029014507252
1128,31770626,0.1470735367683842
1129,31770627,0.059029514757378686
1130,31772245,0.003001500750375187
1131,31793105,0.04152076038019009
1132,31794180,0.03701850925462731
1133,31803195,0.03351675837918959
1134,31804896,0.1680840420210105
1135,31805414,0.011505752876438218
1136,31808125,0.02851425712856428
1137,31836943,0.0655327663831916
1138,31841319,0.0625312656328164
1139,31841775,0.17808904452226113
1140,31842727,0.07603801900950474
1141,31845463,0.12156078039019509
1142,31858653,0.17108554277138568
1143,31859475,0.0
1144,31861863,0.010005002501250625
1145,31862187,0.015507753876938469
1146,31862295,0.08104052026013006
1147,31862311,0.17108554277138568
1148,31864349,0.012006003001500749
1149,31868940,0.05002501250625312
1150,31870282,0.1695847923961981
1151,31870288,0.27363681840920456
1152,31871088,0.1810905452726363
1153,31871151,0.06703351675837918
1154,31876422,0.15807903951975988
1155,31877316,0.018509254627313655
1156,31877351,0.20060030015007502
1157,31882661,0.16908454227113556
1158,31887922,0.00850425212606303
1159,31901519,0.21210605302651325
1160,31905755,0.18159079539769885
1161,31910709,0.10155077538769385
1162,31914603,0.013506753376688344
1163,31922723,0.09254627313656828
1164,31923567,0.14607303651825912
1165,31924826,0.03551775887943972
1166,31938070,0.12606303151575787
1167,31941439,0.1855927963981991
1168,31943881,0.0
1169,31944685,0.0
1170,31952594,0.13706853426713356
1171,31954183,0.0
1172,31967833,0.009504752376188093
1173,31969663,0.14007003501750875
1174,31973845,0.015507753876938469
1175,31978413,0.05302651325662831
1176,31980002,0.047523761880940464
1177,31981004,0.00400200100050025
1178,31981594,0.016008004002001
1179,31982429,0.08554277138569284
1180,31987866,0.02501250625312656
1181,31991335,0.24262131065532766
1182,31996107,0.22311155577788894
1183,32017534,0.059029514757378686
1184,32027696,0.16458229114557277
1185,32035922,0.15607803901950976
1186,32035966,0.12156078039019509
1187,32041197,0.04152076038019009
1188,32043924,0.0
1189,32046328,0.18309154577288644
1190,32051417,0.09604802401200599
1191,32061941,0.17108554277138568
1192,32062787,0.17958979489744872
1193,32064872,0.032016008004002
1194,32068530,0.09254627313656828
1195,32069265,0.06753376688344172
1196,32069902,0.12356178089044521
1197,32083626,0.1570785392696348
1198,32084537,0.02451225612806403
1199,32085562,0.11205602801400699
1200,32088874,0.19109554777388693
1201,32096972,0.09954977488744371
1202,32103047,0.0
1203,32104975,0.0080040020010005
1204,32108170,0.14507253626813404
1205,32115014,0.09754877438719359
1206,32119634,0.22111055527763882
1207,32120828,0.15657828914457228
1208,32134941,0.11655827913956977
1209,32160376,0.0785392696348174
1210,32167274,0.0
1211,32169940,0.27513756878439216
1212,32173662,0.027513756878439218
1213,32173900,0.00400200100050025
1214,32174109,0.09554777388694347
1215,32182940,0.24862431215607803
1216,32183940,0.03651825912956478
1217,32184085,0.0945472736368184
1218,32184115,0.09754877438719359
1219,32184162,0.21960980490245122
1220,32189297,0.022511255627813906
1221,32192076,0.17358679339669833
1222,32194564,0.1310655327663832
1223,32198143,0.028014007003501748
1224,32203966,0.14607303651825912
1225,32204400,0.009004502251125562
1226,32209394,0.016008004002001
1227,32212182,0.003001500750375187
1228,32216308,0.12706353176588292
1229,32220553,0.08104052026013006
1230,32224200,0.09904952476238119
1231,32229648,0.0025012506253126563
1232,32232010,0.03451725862931466
1233,32233963,0.21810905452726362
1234,32236485,0.1265632816408204
1235,32237947,0.015007503751875937
1236,32241895,0.09204602301150575
1237,32249837,0.10855427713856927
1238,32250173,0.15007503751875936
1239,32251867,0.24262131065532766
1240,32253250,0.09354677338669334
1241,32255460,0.0025012506253126563
1242,32257965,0.18309154577288644
1243,32267583,0.024012006003001497
1244,32272013,0.13656828414207103
1245,32272896,0.030015007503751873
1246,32278658,0.04552276138069034
1247,32284036,0.20410205102551274
1248,32292058,0.14857428714357176
1249,32296172,0.007003501750875437
1250,32299353,0.1840920460230115
1251,32303755,0.03751875937968984
1252,32308658,0.14807403701850924
1253,32310641,0.03251625812906453
1254,32316784,0.027513756878439218
1255,32325790,0.006003001500750374
1256,32326710,0.25212606303151575
1257,32333997,0.12706353176588292
1258,32338216,0.1700850425212606
1259,32340301,0.26463231615807903
1260,32342070,0.058029014507253625
1261,32351509,0.15307653826913456
1262,32356327,0.009504752376188093
1263,32357292,0.20060030015007502
1264,32367088,0.009504752376188093
1265,32367434,0.18309154577288644
1266,32369105,0.054527263631815905
1267,32376222,0.054527263631815905
1268,32382765,0.02001000500250125
1269,32385579,0.23911955977988994
1270,32389124,0.07803901950975488
1271,32392230,0.056528264132066026
1272,32392433,0.03301650825412706
1273,32399738,0.02501250625312656
1274,32407589,0.15257628814407204
1275,32410087,0.0050025012506253125
1276,32411614,0.04552276138069034
1277,32417908,0.22311155577788894
1278,32432293,0.07803901950975488
1279,32433662,0.263631815907954
1280,32436832,0.030015007503751873
1281,32443730,0.022011005502751375
1282,32447024,0.07803901950975488
1283,32468650,0.1540770385192596
1284,32474673,0.11805902951475737
1285,32480228,0.003001500750375187
1286,32483218,0.006003001500750374
1287,32485179,0.1680840420210105
1288,32492342,0.01650825412706353
1289,32493249,0.1200600300150075
1290,32493549,0.0025012506253126563
1291,32495197,0.023511755877938967
1292,32499582,0.07653826913456728
1293,32500172,0.003001500750375187
1294,32509598,0.1540770385192596
1295,32510809,0.2146073036518259
1296,32510949,0.0015007503751875936
1297,32513857,0.055527763881940966
1298,32514524,0.030015007503751873
1299,32514531,0.25662831415707854
1300,32516320,0.006503251625812906
1301,32516364,0.07953976988494246
1302,32519818,0.009504752376188093
1303,32520670,0.14857428714357176
1304,32524733,0.022011005502751375
1305,32524902,0.010505252626313155
1306,32526177,0.13356678339169584
1307,32531564,0.12356178089044521
1308,32533271,0.05702851425712856
1309,32535196,0.14457228614307152
1310,32551953,0.016008004002001
1311,32559384,0.09704852426213106
1312,32560350,0.18159079539769885
1313,32560562,0.2651325662831415
1314,32571820,0.062031015507753876
1315,32572049,0.14657328664332164
1316,32575446,0.10055027513756877
1317,32619707,0.0735367683841921
1318,32627752,0.15907953976988493
1319,32631255,0.0015007503751875936
1320,32637365,0.15657828914457228
1321,32640562,0.03151575787893947
1322,32655555,0.023511755877938967
1323,32658599,0.04402201100550275
1324,32660996,0.006003001500750374
1325,32662284,0.03351675837918959
1326,32662872,0.1455727863931966
1327,32664544,0.12256128064032015
1328,32682918,0.050525262631315654
1329,32688298,0.1345672836418209
1330,32697213,0.08404202101050524
1331,32703065,0.13356678339169584
1332,32712492,0.11955977988994497
1333,32712503,0.08954477238619309
1334,32719135,0.02851425712856428
1335,32719391,0.010505252626313155
1336,32721263,0.26163081540770383
1337,32721600,0.064032016008004
1338,32722876,0.058529264632316155
1339,32723829,0.06153076538269134
1340,32725811,0.29964982491245623
1341,32729517,0.1585792896448224
1342,32741107,0.16508254127063532
1343,32746508,0.21910955477738867
1344,32747603,0.21810905452726362
1345,32751755,0.23911955977988994
1346,32754156,0.14907453726863432
1347,32762039,0.19959979989994997
1348,32764602,0.07753876938469234
1349,32768440,0.22811405702851423
1350,32768482,0.04102051025512756
1351,32768860,0.012006003001500749
1352,32769678,0.03651825912956478
1353,32776656,0.1665832916458229
1354,32776975,0.022011005502751375
1355,32784638,0.03801900950475237
1356,32786286,0.00400200100050025
1357,32786298,0.11255627813906953
1358,32790288,0.014007003501750874
1359,32794541,0.1345672836418209
1360,32795924,0.2681340670335167
1361,32798696,0.0080040020010005
1362,32798986,0.10905452726363181
1363,32800606,0.03751875937968984
1364,32803260,0.005502751375687844
1365,32810294,0.14457228614307152
1366,32815723,0.018009004502251125
1367,32835792,0.17808904452226113
1368,32840352,0.02851425712856428
1369,32846581,0.006003001500750374
1370,32847031,0.01650825412706353
1371,32847443,0.0865432716358179
1372,32852036,0.1615807903951976
1373,32857196,0.15307653826913456
1374,32861765,0.1540770385192596
1375,32866199,0.17508754377188593
1376,32867474,0.056028014007003496
1377,32882411,0.00400200100050025
1378,32886325,0.16908454227113556
1379,32894831,0.0025012506253126563
1380,32899913,0.06053026513256628
1381,32907333,0.12156078039019509
1382,32909733,0.017508754377188594
1383,32920507,0.14907453726863432
1384,32920752,0.17858929464732365
1385,32925767,0.00400200100050025
1386,32927355,0.012006003001500749
1387,32927695,0.027513756878439218
1388,32928304,0.04102051025512756
1389,32929164,0.13056528264132064
1390,32930578,0.047023511755877934
1391,32932574,0.06153076538269134
1392,32935618,0.12306153076538268
1393,32939034,0.07003501750875438
1394,32946213,0.050525262631315654
1395,32948801,0.007003501750875437
1396,32960197,0.0465232616308154
1397,32980392,0.0
1398,32981420,0.029514757378689343
1399,32988256,0.08054027013506752
1400,32997354,0.04902451225612806
1401,33001761,0.051025512756378184
1402,33002763,0.11955977988994497
1403,33007335,0.015007503751875937
1404,33010325,0.06353176588294146
1405,33011434,0.08404202101050524
1406,33017910,0.023511755877938967
1407,33022426,0.17208604302151073
1408,33053906,0.00850425212606303
1409,33054163,0.2161080540270135
1410,33058296,0.03951975987993997
1411,33060057,0.030515257628814404
1412,33067430,0.23661830915457727
1413,33073836,0.031015507753876938
1414,33082495,0.15357678839419708
1415,33090198,0.1695847923961981
1416,33091581,0.1890945472736368
1417,33092508,0.0080040020010005
1418,33092519,0.030515257628814404
1419,33095969,0.0005002501250625312
1420,33102247,0.15157578789394696
1421,33108080,0.13556778389194596
1422,33113989,0.04902451225612806
1423,33114656,0.1540770385192596
1424,33114712,0.13356678339169584
1425,33116520,0.003001500750375187
1426,33123157,0.031015507753876938
1427,33133056,0.07903951975987994
1428,33135060,0.0705352676338169
1429,33135737,0.004502251125562781
1430,33140935,0.0015007503751875936
1431,33142794,0.0385192596298149
1432,33157121,0.08154077038519258
1433,33159959,0.0850425212606303
1434,33166692,0.015007503751875937
1435,33171598,0.029514757378689343
1436,33174215,0.0
1437,33178214,0.009504752376188093
1438,33179786,0.17208604302151073
1439,33187458,0.14007003501750875
1440,33187577,0.15307653826913456
1441,33199088,0.07103551775887944
1442,33199393,0.002001000500250125
1443,33200281,0.059029514757378686
1444,33200610,0.11905952976488243
1445,33207639,0.13906953476738368
1446,33211361,0.24912456228114055
1447,33222078,0.18059029514757377
1448,33225796,0.003001500750375187
1449,33228673,0.018009004502251125
1450,33243630,0.14607303651825912
1451,33245013,0.0
1452,33245664,0.18159079539769885
1453,33247193,0.04152076038019009
1454,33249170,0.11605802901450725
1455,33249255,0.054527263631815905
1456,33253275,0.0945472736368184
1457,33253904,0.1810905452726363
1458,33255674,0.0015007503751875936
1459,33255892,0.17958979489744872
1460,33259204,0.23411705852926462
1461,33259791,0.16458229114557277
1462,33260797,0.17058529264632316
1463,33263333,0.2146073036518259
1464,33263335,0.1505752876438219
1465,33265989,0.17708854427213605
1466,33266085,0.15207603801900949
1467,33266278,0.16558279139569784
1468,33283398,0.1585792896448224
1469,33289537,0.08454227113556778
1470,33301795,0.028014007003501748
1471,33302377,0.013506753376688344
1472,33309927,0.19659829914957477
1473,33313682,0.14657328664332164
1474,33314740,0.028014007003501748
1475,33325380,0.15807903951975988
1476,33330989,0.0050025012506253125
1477,33340371,0.12706353176588292
1478,33358792,0.13256628314157076
1479,33359393,0.21510755377688842
1480,33359480,0.016008004002001
1481,33361130,0.1955977988994497
1482,33368039,0.002001000500250125
1483,33373733,0.04052026013006503
1484,33374243,0.026013006503251623
1485,33374458,0.17808904452226113
1486,33387360,0.011005502751375688
1487,33390588,0.009004502251125562
1488,33396382,0.1615807903951976
1489,33400958,0.1695847923961981
1490,33403373,0.0945472736368184
1491,33426647,0.17558779389694845
1492,33429882,0.17958979489744872
1493,33439248,0.003001500750375187
1494,33442881,0.14057028514257128
1495,33446738,0.0035017508754377185
1496,33447936,0.051525762881440715
1497,33451135,0.0025012506253126563
1498,33456760,0.23261630815407702
1499,33463166,0.2801400700350175
1500,33464100,0.0
1501,33476473,0.01700850425212606
1502,33476500,0.1870935467733867
1503,33480260,0.1715857928964482
1504,33486122,0.1540770385192596
1505,33497434,0.14907453726863432
1506,33501992,0.19759879939969985
1507,33524559,0.12606303151575787
1508,33524724,0.018509254627313655
1509,33538061,0.0080040020010005
1510,33540113,0.0035017508754377185
1511,33544031,0.17958979489744872
1512,33548456,0.11105552776388193
1513,33549640,0.024012006003001497
1514,33564914,0.0
1515,33572467,0.013506753376688344
1516,33573089,0.07553776888444222
1517,33574811,0.00850425212606303
1518,33597701,0.14457228614307152
1519,33609719,0.25662831415707854
1520,33610592,0.08854427213606803
1521,33612816,0.168584292146073
1522,33613541,0.007503751875937968
1523,33621783,0.18859429714857429
1524,33627652,0.12606303151575787
1525,33629416,0.15157578789394696
1526,33632463,0.0
1527,33648287,0.15607803901950976
1528,33648295,0.048024012006002995
1529,33650856,0.3216608304152076
1530,33652005,0.05702851425712856
1531,33653023,0.15307653826913456
1532,33655458,0.13756878439219608
1533,33670191,0.027513756878439218
1534,33672437,0.022511255627813906
1535,33675719,0.08454227113556778
1536,33676046,0.047023511755877934
1537,33677023,0.14857428714357176
1538,33689311,0.21960980490245122
1539,33694264,0.00400200100050025
1540,33704631,0.14607303651825912
1541,33705987,0.312656328164082
1542,33707943,0.2546273136568284
1543,33714188,0.14607303651825912
1544,33715301,0.14457228614307152
1545,33734592,0.047023511755877934
1546,33743736,0.027013506753376687
1547,33746031,0.07453726863431716
1548,33764852,0.12256128064032015
1549,33784381,0.1455727863931966
1550,33789997,0.002001000500250125
1551,33797775,0.06353176588294146
1552,33797891,0.07503751875937968
1553,33801617,0.005502751375687844
1554,33804147,0.20260130065032514
1555,33804887,0.2526263131565783
1556,33806791,0.01250625312656328
1557,33826097,0.15357678839419708
1558,33836929,0.19409704852426213
1559,33841800,0.06603301650825412
1560,33844786,0.12906453226613307
1561,33844923,0.03951975987993997
1562,33863635,0.018509254627313655
1563,33864932,0.14207103551775888
1564,33878564,0.22711355677838918
1565,33882723,0.1410705352676338
1566,33891157,0.04302151075537768
1567,33893654,0.09354677338669334
1568,33894375,0.025512756378189092
1569,33899825,0.0005002501250625312
1570,33901665,0.168584292146073
1571,33901846,0.1025512756378189
1572,33902314,0.007503751875937968
1573,33905581,0.15657828914457228
1574,33907816,0.17658829414707353
1575,33910191,0.0010005002501250625
1576,33930077,0.10805402701350675
1577,33932712,0.005502751375687844
1578,33942149,0.19459729864932465
1579,33949360,0.12206103051525762
1580,33949388,0.2371185592796398
1581,33964686,0.0005002501250625312
1582,33966114,0.12206103051525762
1583,33966375,0.07403701850925462
1584,33972964,0.09904952476238119
1585,33974425,0.0015007503751875936
1586,33977052,0.14857428714357176
1587,33978916,0.19209604802401198
1588,33989882,0.1555777888944472
1589,34006869,0.07503751875937968
1590,34015235,0.21060530265132565
1591,34018140,0.10105052526263131
1592,34024033,0.1810905452726363
1593,34031048,0.03151575787893947
1594,34033877,0.22161080540270134
1595,34037929,0.14857428714357176
1596,34039428,0.1665832916458229
1597,34041861,0.06753376688344172
1598,34043312,0.007003501750875437
1599,34043498,0.128064032016008
1600,34044843,0.23011505752876438
1601,34045640,0.053526763381690844
1602,34048890,0.0865432716358179
1603,34051755,0.07403701850925462
1604,34052310,0.17958979489744872
1605,34052349,0.011005502751375688
1606,34054803,0.007503751875937968
1607,34058872,0.014507253626813406
1608,34064456,0.0005002501250625312
1609,34082028,0.13756878439219608
1610,34082718,0.1455727863931966
1611,34083569,0.15907953976988493
1612,34086856,0.07603801900950474
1613,34088889,0.04452226113056528
1614,34091039,0.20960480240120058
1615,34105992,0.0035017508754377185
1616,34116116,0.15007503751875936
1617,34116398,0.1730865432716358
1618,34118363,0.16058029014507252
1619,34119119,0.056028014007003496
1620,34127004,0.20210105052526262
1621,34129401,0.16058029014507252
1622,34135896,0.0945472736368184
1623,34142414,0.012006003001500749
1624,34143327,0.0
1625,34143573,0.02101050525262631
1626,34146201,0.004502251125562781
1627,34146653,0.0
1628,34146673,0.2016008004002001
1629,34148884,0.03751875937968984
1630,34153282,0.047023511755877934
1631,34156631,0.12106053026513255
1632,34165324,0.18959479739869933
1633,34165498,0.07153576788394196
1634,34166442,0.12056028014007003
1635,34171196,0.14357178589294647
1636,34178720,0.18009004502251125
1637,34180670,0.09904952476238119
1638,34189614,0.14507253626813404
1639,34191496,0.04602301150575287
1640,34192578,0.00400200100050025
1641,34196552,0.025512756378189092
1642,34224309,0.019009504752376186
1643,34228138,0.14907453726863432
1644,34233061,0.010505252626313155
1645,34237400,0.019009504752376186
1646,34251811,0.22311155577788894
1647,34261542,0.10105052526263131
1648,34277460,0.030015007503751873
1649,34286419,0.007003501750875437
1650,34289613,0.128064032016008
1651,34294041,0.12456228114057027
1652,34298050,0.16408204102051024
1653,34310825,0.002001000500250125
1654,34314572,0.0015007503751875936
1655,34321839,0.0025012506253126563
1656,34323766,0.1870935467733867
1657,34324899,0.15157578789394696
1658,34333809,0.0385192596298149
1659,34338839,0.007503751875937968
1660,34360629,0.03501750875437719
1661,34360723,0.15957978989494745
1662,34361728,0.0625312656328164
1663,34361810,0.07403701850925462
1664,34370632,0.1745872936468234
1665,34371135,0.1810905452726363
1666,34388167,0.029514757378689343
1667,34389944,0.22861430715357678
1668,34398423,0.027513756878439218
1669,34415718,0.07603801900950474
1670,34419412,0.0035017508754377185
1671,34419575,0.14807403701850924
1672,34420053,0.011505752876438218
1673,34431569,0.0
1674,34432296,0.07653826913456728
1675,34439773,0.17208604302151073
1676,34439875,0.03301650825412706
1677,34443685,0.022011005502751375
1678,34445273,0.052526263131565776
1679,34454184,0.032016008004002
1680,34460074,0.08404202101050524
1681,34467929,0.1585792896448224
1682,34472829,0.0400200100050025
1683,34474869,0.28864432216108055
1684,34478485,0.13606803401700848
1685,34484178,0.002001000500250125
1686,34494875,0.1310655327663832
1687,34496109,0.14057028514257128
1688,34499200,0.19459729864932465
1689,34504303,0.263631815907954
1690,34506693,0.1615807903951976
1691,34506797,0.022511255627813906
1692,34516251,0.14457228614307152
1693,34517324,0.0010005002501250625
1694,34526600,0.13656828414207103
1695,34526616,0.014507253626813406
1696,34528343,0.04952476238119059
1697,34529143,0.03301650825412706
1698,34529321,0.144072036018009
1699,34530072,0.0005002501250625312
1700,34534282,0.21410705352676337
1701,34534632,0.12606303151575787
1702,34554085,0.14957478739369684
1703,34564152,0.17708854427213605
1704,34576085,0.11155577788894447
1705,34576225,0.16108054027013505
1706,34576280,0.010005002501250625
1707,34577022,0.10855427713856927
1708,34590712,0.24962481240620307
1709,34590903,0.0625312656328164
1710,34600037,0.288144072036018
1711,34619176,0.012006003001500749
1712,34624440,0.10355177588794397
1713,34633841,0.06103051525762881
1714,34634508,0.13506753376688344
1715,34637839,0.22311155577788894
1716,34639230,0.12756378189094547
1717,34641569,0.048024012006002995
1718,34645265,0.0035017508754377185
1719,34651217,0.1810905452726363
1720,34656695,0.00850425212606303
1721,34668065,0.002001000500250125
1722,34673132,0.0735367683841921
1723,34675139,0.2526263131565783
1724,34681923,0.16758379189594796
1725,34698084,0.12356178089044521
1726,34706613,0.14957478739369684
1727,34725889,0.13856928464232116
1728,34736529,0.1505752876438219
1729,34750606,0.07403701850925462
1730,34751649,0.0035017508754377185
1731,34768011,0.03751875937968984
1732,34769113,0.13506753376688344
1733,34775045,0.0010005002501250625
1734,34798825,0.14857428714357176
1735,34800428,0.28864432216108055
1736,34800709,0.04252126063031515
1737,34801553,0.006003001500750374
1738,34819136,0.023511755877938967
1739,34823029,0.13356678339169584
1740,34830039,0.0050025012506253125
1741,34831391,0.064032016008004
1742,34839528,0.018509254627313655
1743,34858406,0.01250625312656328
1744,34880873,0.1905952976488244
1745,34886659,0.02851425712856428
1746,34886671,0.13506753376688344
1747,34889983,0.09104552276138068
1748,34905109,0.23411705852926462
1749,34918728,0.0005002501250625312
1750,34920174,0.19009504752376186
1751,34921694,0.1715857928964482
1752,34921868,0.07253626813406702
1753,34925352,0.1585792896448224
1754,34929082,0.054027013506753374
1755,34936829,0.03651825912956478
1756,34941005,0.02851425712856428
1757,34941722,0.03651825912956478
1758,34943813,0.2176088044022011
1759,34951361,0.18209104552276137
1760,34952285,0.15607803901950976
1761,34954103,0.12756378189094547
1762,34954415,0.128064032016008
1763,34960651,0.06053026513256628
1764,34964945,0.0625312656328164
1765,34979591,0.006003001500750374
1766,34985299,0.004502251125562781
1767,34989078,0.0010005002501250625
1768,34993550,0.12556278139069535
1769,34997440,0.017508754377188594
1770,34999227,0.010005002501250625
1771,35001445,0.01950975487743872
1772,35007517,0.052526263131565776
1773,35008951,0.18009004502251125
1774,35013881,0.002001000500250125
1775,35015081,0.017508754377188594
1776,35026999,0.15207603801900949
1777,35027135,0.21510755377688842
1778,35032469,0.006003001500750374
1779,35033790,0.12056028014007003
1780,35038363,0.023011505752876436
1781,35041129,0.2481240620310155
1782,35041663,0.2146073036518259
1783,35044295,0.026513256628314157
1784,35053266,0.04552276138069034
1785,35054898,0.014007003501750874
1786,35058692,0.0
1787,35073369,0.007003501750875437
1788,35074372,0.1470735367683842
1789,35075218,0.26163081540770383
1790,35086150,0.12856428214107052
1791,35091347,0.2596298149074537
1792,35092133,0.12906453226613307
1793,35107363,0.13606803401700848
1794,35108787,0.1855927963981991
1795,35112864,0.0005002501250625312
1796,35121161,0.17508754377188593
1797,35126401,0.0850425212606303
1798,35127562,0.14657328664332164
1799,35136168,0.017508754377188594
1800,35151767,0.0625312656328164
1801,35152278,0.015007503751875937
1802,35152319,0.1700850425212606
1803,35156235,0.0050025012506253125
1804,35157074,0.08304152076038018
1805,35163367,0.023511755877938967
1806,35168466,0.003001500750375187
1807,35173253,0.052526263131565776
1808,35179654,0.09654827413706853
1809,35196183,0.12106053026513255
1810,35202637,0.17358679339669833
1811,35204765,0.04352176088044022
1812,35208940,0.006503251625812906
1813,35209228,0.058529264632316155
1814,35212479,0.14507253626813404
1815,35216475,0.03251625812906453
1816,35220572,0.19359679839919958
1817,35231068,0.07553776888444222
1818,35231605,0.0005002501250625312
1819,35238667,0.03301650825412706
1820,35246961,0.006503251625812906
1821,35250996,0.029014507253626812
1822,35268850,0.18009004502251125
1823,35271795,0.13206603301650824
1824,35273602,0.00850425212606303
1825,35280010,0.14607303651825912
1826,35281457,0.1700850425212606
1827,35283417,0.005502751375687844
1828,35285683,0.08154077038519258
1829,35286812,0.06053026513256628
1830,35289673,0.12756378189094547
1831,35298812,0.01250625312656328
1832,35307176,0.0005002501250625312
1833,35311522,0.0720360180090045
1834,35327536,0.04352176088044022
1835,35328373,0.19809904952476237
1836,35328414,0.15607803901950976
1837,35328578,0.0
1838,35334207,0.014007003501750874
1839,35334845,0.027013506753376687
1840,35335392,0.03351675837918959
1841,35349841,0.07453726863431716
1842,35359112,0.055527763881940966
1843,35365094,0.14757378689344672
1844,35377230,0.03501750875437719
1845,35379744,0.009004502251125562
1846,35398124,0.030015007503751873
1847,35398721,0.15607803901950976
1848,35400195,0.20060030015007502
1849,35411890,0.16758379189594796
1850,35419659,0.11005502751375687
1851,35427427,0.03601800900450225
1852,35438340,0.0080040020010005
1853,35444957,0.058529264632316155
1854,35447159,0.15257628814407204
1855,35448882,0.018509254627313655
1856,35451187,0.003001500750375187
1857,35460799,0.12406203101550775
1858,35464434,0.15757878939469733
1859,35491280,0.14807403701850924
1860,35503471,0.18659329664832414
1861,35504998,0.04952476238119059
1862,35524668,0.15807903951975988
1863,35525867,0.09804902451225612
1864,35526750,0.054027013506753374
1865,35529861,0.02451225612806403
1866,35549999,0.0025012506253126563
1867,35561952,0.19259629814907453
1868,35562938,0.14457228614307152
1869,35565968,0.17058529264632316
1870,35569383,0.0080040020010005
1871,35576825,0.17108554277138568
1872,35576839,0.06103051525762881
1873,35597005,0.07653826913456728
1874,35606728,0.10555277638819409
1875,35609188,0.05002501250625312
1876,35612566,0.14757378689344672
1877,35612699,0.059529764882441216
1878,35616397,0.11905952976488243
1879,35622592,0.003001500750375187
1880,35628272,0.17408704352176088
1881,35640417,0.018509254627313655
1882,35663971,0.14907453726863432
1883,35663981,0.19909954977488742
1884,35670240,0.009004502251125562
1885,35675382,0.025512756378189092
1886,35675449,0.06803401700850424
1887,35675660,0.1890945472736368
1888,35678460,0.01650825412706353
1889,35684439,0.23611805902951474
1890,35691054,0.003001500750375187
1891,35700313,0.1250625312656328
1892,35719362,0.027013506753376687
1893,35723756,0.018509254627313655
1894,35728946,0.20710355177588793
1895,35730697,0.030515257628814404
1896,35736157,0.1310655327663832
1897,35740884,0.1860930465232616
1898,35744828,0.0850425212606303
1899,35749576,0.25812906453226614
1900,35750117,0.17108554277138568
1901,35758251,0.04302151075537768
1902,35761329,0.07253626813406702
1903,35772836,0.176088044022011
1904,35777193,0.2501250625312656
1905,35779615,0.019009504752376186
1906,35794134,0.14657328664332164
1907,35796210,0.07953976988494246
1908,35801274,0.03501750875437719
1909,35802499,0.0010005002501250625
1910,35806446,0.03551775887943972
1911,35837385,0.14957478739369684
1912,35842953,0.0400200100050025
1913,35850461,0.026513256628314157
1914,35861021,0.16208104052026012
1915,35862981,0.26013006503251623
1916,35862998,0.013006503251625811
1917,35878176,0.014007003501750874
1918,35878198,0.03151575787893947
1919,35881232,0.00400200100050025
1920,35887376,0.12906453226613307
1921,35889198,0.24962481240620307
1922,35892571,0.1555777888944472
1923,35895375,0.10905452726363181
1924,35895769,0.009504752376188093
1925,35897948,0.20210105052526262
1926,35903005,0.19259629814907453
1927,35917158,0.0025012506253126563
1928,35920072,0.14957478739369684
1929,35933786,0.007003501750875437
1930,35940116,0.16308154077038517
1931,35944261,0.1730865432716358
1932,35945701,0.21060530265132565
1933,35947360,0.17358679339669833
1934,35948174,0.12556278139069535
1935,35960325,0.24262131065532766
1936,35961212,0.04602301150575287
1937,35967376,0.09904952476238119
1938,35969621,0.14357178589294647
1939,35987005,0.12356178089044521
1940,35988923,0.1875937968984492
1941,35998684,0.09254627313656828
1942,35999383,0.032016008004002
1943,36002552,0.15257628814407204
1944,36006220,0.023511755877938967
1945,36006947,0.14207103551775888
1946,36012523,0.1825912956478239
1947,36029800,0.02501250625312656
1948,36059529,0.17958979489744872
1949,36077151,0.06753376688344172
1950,36082973,0.12256128064032015
1951,36089062,0.018009004502251125
1952,36093205,0.0025012506253126563
1953,36098333,0.1715857928964482
1954,36105785,0.1265632816408204
1955,36112657,0.004502251125562781
1956,36121102,0.014507253626813406
1957,36129981,0.022511255627813906
1958,36151303,0.15007503751875936
1959,36153996,0.10005002501250625
1960,36154903,0.0010005002501250625
1961,36159852,0.0015007503751875936
1962,36162150,0.176088044022011
1963,36163001,0.14357178589294647
1964,36165156,0.1265632816408204
1965,36169350,0.1540770385192596
1966,36173748,0.15007503751875936
1967,36180829,0.13006503251625812
1968,36190456,0.031015507753876938
1969,36191256,0.01250625312656328
1970,36191421,0.024012006003001497
1971,36194238,0.02101050525262631
1972,36195284,0.20910455227613806
1973,36208272,0.022011005502751375
1974,36210010,0.0015007503751875936
1975,36215285,0.007503751875937968
1976,36219221,0.144072036018009
1977,36232431,0.010005002501250625
1978,36235207,0.00400200100050025
1979,36241284,0.16708354177088544
1980,36251170,0.0005002501250625312
1981,36251876,0.20960480240120058
1982,36254907,0.005502751375687844
1983,36260955,0.0015007503751875936
1984,36266498,0.030015007503751873
1985,36266682,0.13256628314157076
1986,36268757,0.032016008004002
1987,36275647,0.017508754377188594
1988,36279095,0.14807403701850924
1989,36287985,0.027513756878439218
1990,36304935,0.09204602301150575
1991,36322397,0.07553776888444222
1992,36332790,0.07253626813406702
1993,36341397,0.013006503251625811
1994,36341405,0.16358179089544772
1995,36366550,0.004502251125562781
1996,36395172,0.062031015507753876
1997,36430187,0.03701850925462731
1998,36434075,0.06903451725862932
1999,36453351,0.11005502751375687
