,node,pagerank value
0,25655077,0.0013245129108550155
1,25993982,8.05051912692384e-05
2,26139113,0.000790518363896058
3,26228051,0.0006322351182487863
4,26350435,0.000584011946277304
5,26369812,0.0006480693798449842
6,26404497,0.0008378664076509438
7,26442948,0.0005350860895611874
8,26456194,0.00029084170541504855
9,26484384,0.0006534869304704122
10,26493221,0.0007534097660504735
11,26494147,0.0007129099924695245
12,26499211,0.0009849827874043283
13,26525791,0.0005950508417908596
14,26539799,0.0001405454910837535
15,26547698,8.711737345826937e-05
16,26584757,0.00013156415770976135
17,26592804,0.0004611847407354296
18,26608112,0.00011100654666865377
19,26626629,9.738419107127801e-05
20,26648572,0.0008236576016557349
21,26656137,0.0004635993799512319
22,26687241,0.00048306424911997677
23,26712133,0.0006396275689460984
24,26713409,0.0001963532903130517
25,26719024,0.0007300061569460346
26,26725481,0.0006463241798172456
27,26730548,0.0006713247866359682
28,26732025,0.00013018231105851782
29,26732674,0.00026694966485620296
30,26734854,0.0008557008988461613
31,26745958,0.00035634060235540375
32,26748808,0.0010971392873215917
33,26751078,8.080454011392133e-05
34,26772654,0.000255078657400065
35,26778205,0.000758642192497092
36,26789765,0.00018003855500333218
37,26794312,0.00020836577003463148
38,26795535,0.0005580617255936666
39,26808616,0.0008870187749486672
40,26824936,0.0005557978460739039
41,26824959,7.629704984740887e-05
42,26829479,0.0003225060226049671
43,26832757,0.0008134376544599631
44,26844896,0.0010822820658434908
45,26846714,0.0005402331543052477
46,26849911,0.0006410312520122663
47,26851369,0.0001495812946236012
48,26852912,0.00012160014881175434
49,26856692,0.00012954652296150163
50,26863534,0.0006178376298668367
51,26866877,0.001275218359453619
52,26871890,0.00107124312944143
53,26873992,0.00034299043733958744
54,26875765,0.0005484431516779779
55,26883426,0.0009986587561265732
56,26886330,7.629704984740887e-05
57,26891260,0.0001219366743678858
58,26896660,0.0005268409474211887
59,26897538,0.00066144600785514
60,26902126,0.0001440644779629839
61,26902206,0.0008114674300030941
62,26907705,0.0007142942094577928
63,26909754,0.0006924367474461946
64,26909937,0.00023889374450117773
65,26911565,0.00016520751145815364
66,26916401,0.0001438775374374782
67,26917481,0.00047623684501295165
68,26922474,0.000900195063932333
69,26927324,0.0007282405601212485
70,26940096,0.0010322259813491952
71,26944931,0.0006613101737909814
72,26945628,0.0002799131724691852
73,26952110,0.0002996519760400912
74,26956134,0.00019473492003236598
75,26980769,0.00019688360023290718
76,26985663,0.0002544160665640441
77,26985971,0.0001260917242329592
78,26986223,0.0005665112227915545
79,26991287,0.00024997248148471755
80,26996809,0.0006882870768544867
81,26999396,0.0009704943246559003
82,27007817,0.0005155537467113363
83,27008420,0.0006133942830703199
84,27009960,0.00021200565111941105
85,27012393,0.0007197947490689589
86,27019370,0.00021483844214079193
87,27021077,0.00020713916308110348
88,27025861,0.0007490180377638408
89,27026477,0.00018906183003216426
90,27034006,0.00011364605655405245
91,27036372,7.960611086310136e-05
92,27038565,8.209544375945496e-05
93,27046192,0.0004754727746084798
94,27048655,0.0004645399108287843
95,27049291,0.00010779375026641092
96,27067364,8.031682008076294e-05
97,27071218,0.00024163284577803068
98,27080206,0.0009788649718993447
99,27089856,0.001465330666297487
100,27102123,0.000847120614127206
101,27103596,0.000531646220455527
102,27105454,0.0001627744081849707
103,27109069,0.00043846396063863043
104,27113633,0.0007619715798590687
105,27129587,0.0003263430519968326
106,27131840,0.0006677914325462263
107,27135828,0.00040674142840979024
108,27143304,0.0003531893178435868
109,27147305,0.0009600959545288991
110,27156911,0.00025196269434053515
111,27160596,0.0009874838516587617
112,27160597,0.0007364697460558684
113,27160599,0.0007695988086115114
114,27160600,0.00022196440239575051
115,27161623,0.0004911242921511431
116,27163406,0.00013507923297223902
117,27163748,0.00020431224914799033
118,27164952,0.0006462046768413089
119,27168130,0.0005085143667455104
120,27168587,0.0009314934635004605
121,27171345,0.000823238762489436
122,27181596,0.00019000557078441114
123,27182713,0.0005134798447421349
124,27183583,0.0003301751845980898
125,27187357,0.001213420240167513
126,27189173,9.425040494225016e-05
127,27191801,0.0007809491881041696
128,27193536,0.0007075652314600768
129,27197902,0.0005731482275108399
130,27208129,0.0005682325431859055
131,27208765,0.00016902090239526477
132,27210415,0.00023996504931612226
133,27226199,0.0004441495752220987
134,27230284,0.00033737682321384086
135,27232359,0.0003166115624084531
136,27232956,0.0003957242855472451
137,27244050,0.0001943345700634673
138,27244133,0.0001209741328388489
139,27246787,0.0009138940732097688
140,27261333,0.0003887098727629694
141,27271210,0.0008877920811961958
142,27272460,0.0001362986909666995
143,27273254,0.001305846241776547
144,27276179,0.0005492038108527922
145,27291693,0.0001437128487248119
146,27294279,0.0005143679055539874
147,27306928,0.0010485604613144572
148,27317253,0.000521716918405451
149,27318321,0.00045999767206917827
150,27318963,7.851642456483039e-05
151,27328781,0.0001621087931269376
152,27334068,0.00010370421344130781
153,27339467,0.00018304245825087747
154,27342545,0.0009387370436354304
155,27344142,0.0006903223904220487
156,27349900,8.016029723897781e-05
157,27351824,0.0002257425569162051
158,27358498,7.866110918006137e-05
159,27363513,0.00032502383513301376
160,27367675,0.0011714767683278767
161,27374407,0.00033324268237899574
162,27374804,0.0005539138116928056
163,27376281,0.00017551582594928371
164,27381717,0.0001389069909581278
165,27381911,0.00014348382282708047
166,27383625,0.0006128811873239068
167,27384541,0.0007026062381704841
168,27389350,0.0007666690124656208
169,27391304,9.429214491456728e-05
170,27397476,0.0005453231702756616
171,27399672,0.00102825958186859
172,27402133,0.00015194905650890407
173,27406684,0.001436569622848616
174,27411325,0.0005304979631061381
175,27411328,0.0010842613888603209
176,27412444,0.00024532752594963556
177,27418360,0.0005693913937990747
178,27431217,7.629704984740887e-05
179,27436114,0.0006417222863485036
180,27436468,0.00030147632983333833
181,27440892,0.00013115824471143548
182,27445230,0.00022565910092183314
183,27447896,0.0005699616863423847
184,27450123,0.0005125908966705964
185,27451089,0.000595968115131902
186,27456484,0.0009016222584039984
187,27458980,0.0002604118904565481
188,27470405,0.00028646160354967563
189,27482803,0.0005407779938138033
190,27494907,0.0005341455657641345
191,27494922,0.0006840036979225841
192,27495286,0.00022983723905273774
193,27496450,0.0006087838968893399
194,27514277,0.0005999166638850268
195,27514477,0.00014937590792983132
196,27515123,0.00018921983791263578
197,27523077,0.00014758983895457557
198,27523278,7.629704984740887e-05
199,27524653,0.0009256616722534621
200,27525401,0.0006303264822952998
201,27531221,0.0009543550096847346
202,27531368,0.0008912441519327996
203,27538436,0.0005194720809164782
204,27549081,0.0007358143398564129
205,27552222,0.0004087085944923227
206,27553962,0.000797862277028227
207,27554054,0.0011526676911594496
208,27554395,0.0002845802556535591
209,27554496,0.0007174282630994924
210,27559117,0.0005701833917237559
211,27563166,0.00013306092958158193
212,27564119,0.0002881786594144575
213,27566575,0.0005556464562117758
214,27566913,0.0004071208135962204
215,27569943,0.0006195142448376011
216,27572406,0.0008648258156373885
217,27585423,0.00011687801388525138
218,27586266,0.0009145697577598163
219,27589857,8.259512752510201e-05
220,27592491,0.0006980390298802775
221,27611478,0.0004628283033859238
222,27613063,0.0010288754627439923
223,27616887,0.0014070981126961452
224,27623341,0.0004003194651745405
225,27624303,0.0006945925735024576
226,27626075,0.00015053047421564327
227,27627202,0.0005975204628477787
228,27630217,0.00030953812784703216
229,27631346,0.0009468899003701296
230,27640333,0.00015953362467244328
231,27646139,0.0005052354697132661
232,27650261,0.00035829358670687523
233,27664674,0.0008123196245453569
234,27666191,9.051738292676042e-05
235,27671056,0.000720525127045433
236,27671059,0.00047355812013043675
237,27682444,0.00018522944301119253
238,27686609,0.0005812721897353217
239,27693093,0.0006309851708879454
240,27693786,0.00026757207387272596
241,27697755,0.0002504936211283248
242,27707713,0.00014478675651824924
243,27718471,0.0006733140806987259
244,27719656,9.661527963648071e-05
245,27723765,0.0002231711367437095
246,27725697,0.0008779998985042913
247,27741523,0.0008493726144881943
248,27752727,0.0007156637870981607
249,27758686,0.00041512998379171983
250,27766360,0.0001597360986494429
251,27771329,0.0007355719828065295
252,27782165,0.00029179596333455305
253,27788502,0.0012536101480323375
254,27792459,0.00042296742511121457
255,27799205,0.0004281488582309963
256,27799211,0.0006476944853779762
257,27801377,0.0006833937378607352
258,27802107,0.0007042643654336249
259,27808235,0.0005155481431217018
260,27813588,0.0005350339333079565
261,27817992,0.00023827347297382997
262,27818338,0.00018858073000335273
263,27825605,0.00041286435564115594
264,27826141,0.0008391437715573961
265,27836642,0.0006016508819680989
266,27837316,0.0008637340372870528
267,27840892,0.00018606641076426595
268,27840979,0.0002109549901669452
269,27845023,0.001569598175444779
270,27849592,0.00024909601978832574
271,27864176,0.0005954313868714556
272,27865495,0.00013255865601206524
273,27870138,0.0011102654970120065
274,27872062,0.00010506474981956814
275,27872080,0.0007679274411473103
276,27874065,0.00039113201407744557
277,27878401,0.0009093733601972029
278,27888793,0.00039177812305283947
279,27890236,0.0008364658613015525
280,27890597,0.0005845098892605525
281,27893854,0.0002702903749203433
282,27903451,0.0007810706095787535
283,27907988,0.0006024611403098291
284,27912176,0.0009601814987070613
285,27917926,0.0006565512797799594
286,27919647,0.0007405300876409321
287,27923704,0.00039362793996887164
288,27924724,0.0008220102950811847
289,27936728,0.0005248095156480659
290,27940358,0.0007095955009089449
291,27974458,8.437866731629957e-05
292,27979206,0.0003352495321875834
293,27980020,0.0017991777941660982
294,27992528,0.0005993702740468977
295,27993849,0.000510038154482413
296,27995765,0.0003970660445594788
297,27997719,0.0006995929592559656
298,28006672,0.00039282750774770564
299,28013501,0.00043081425051016953
300,28013502,0.0012642412198921428
301,28013506,0.0010133124516053887
302,28013507,0.0008615073331891966
303,28026958,0.00047001308168568635
304,28053238,0.0008858813640693403
305,28056107,0.00019275536365796883
306,28059088,0.0009765463923804658
307,28061765,0.0003767031513558695
308,28062699,0.00042254396429469536
309,28077764,0.0007251404832180946
310,28081296,0.0005393595589863621
311,28083516,0.0009146045777704412
312,28085571,0.0011123178790930376
313,28085905,0.00010385793355656516
314,28089718,0.0009151753359696656
315,28093229,0.0005298335313229135
316,28094872,0.0011291625315430973
317,28096156,0.0002454260883825565
318,28096297,0.00013025730160548136
319,28102471,0.00047836856792701516
320,28104898,0.0001581219382530931
321,28112393,0.0006840090652956365
322,28115347,0.00016413212230918288
323,28120188,0.000498364541846461
324,28122182,0.0009001640218077599
325,28128096,0.0009351353756675452
326,28131941,0.0008924983404786367
327,28135311,0.0007171751197851193
328,28139542,0.0005093418911727418
329,28159208,0.00011405803382549492
330,28161291,0.0007670007482716053
331,28161532,0.00012006174848664671
332,28165293,0.0003441388254637591
333,28165472,0.0009559570222960534
334,28167560,0.0006433599788860498
335,28168848,7.629704984740887e-05
336,28174100,0.0009830969690278273
337,28180225,0.0009094745853672106
338,28185358,0.0005179136063672085
339,28186244,0.00010974465869220145
340,28193662,0.0008561913705542695
341,28198085,0.0002248126793242252
342,28204513,0.0007355333040146689
343,28230084,0.0010696567331486197
344,28232096,0.0006804889324930837
345,28232132,0.0010739869944014087
346,28235040,0.0004312656850265353
347,28241127,0.0009753387050014983
348,28242227,0.001056640191892179
349,28257552,0.00015252959521730783
350,28261570,0.001032479348783801
351,28264618,0.0009987261617265919
352,28271476,0.00042224194373472455
353,28278044,0.0003207580503405866
354,28288070,0.00031236924449842514
355,28294428,0.0001343161079806953
356,28298400,0.00019307855057079329
357,28299556,0.0007335472858839309
358,28301157,9.424394727053366e-05
359,28304405,0.0007889683212274341
360,28306563,0.0005503470541642267
361,28336464,7.629704984740887e-05
362,28339295,0.0002444961733279727
363,28344161,0.0008439139302697337
364,28347740,0.0001118757091516246
365,28348052,0.0003430068008125111
366,28348463,0.00022614777696531533
367,28356382,0.000937173645304347
368,28358014,0.0006450113011721934
369,28364794,0.00043833803246673983
370,28369424,0.0007834637371891225
371,28370835,0.0003134858976726406
372,28372989,0.0008680575273462671
373,28379682,9.31790216196043e-05
374,28396405,0.00013757535972341644
375,28397764,0.0008734858324831081
376,28400211,0.0008853841798964403
377,28401067,0.0007071880318533564
378,28415492,0.0007002374511198273
379,28420069,0.000332736651404286
380,28423004,0.000592888130821821
381,28429578,0.0002523060629874395
382,28431948,0.00024676938610830633
383,28440556,0.00014772711579060242
384,28441432,0.00019680276495900786
385,28441741,0.0002820413592613739
386,28442446,0.00010820090063606003
387,28445757,0.001117671317820192
388,28452682,0.00011536237043347077
389,28457834,0.000632943688944541
390,28457962,9.101057320012781e-05
391,28466780,0.0001084799019488908
392,28468662,0.0006241272107628711
393,28479275,0.0007793892424022446
394,28483966,0.0008564480769516859
395,28484129,0.0005741879845186544
396,28485077,0.0004633858112385999
397,28485360,0.0002385543754600571
398,28494754,0.00033481280810012824
399,28501649,0.00013218209337937447
400,28507110,0.0003820817335715463
401,28513074,0.00026585181860902204
402,28521031,0.00029786522717673795
403,28522372,0.0006349242841604216
404,28522421,0.0006497695592859764
405,28530185,0.0009396050144881854
406,28545350,0.0002502121691793458
407,28545990,0.0006548954892638174
408,28550342,0.0001797291527063615
409,28554994,0.0011852377245752765
410,28557193,0.00015055631823322887
411,28560564,0.00012754225046346916
412,28567543,0.0006074718462838693
413,28575388,0.00012132437897320149
414,28576760,0.0008030646530028143
415,28578399,0.0005114260441940129
416,28583831,0.0005894577419185775
417,28586429,0.0005361549064493689
418,28605445,0.0006697519682439275
419,28617190,0.00017084499360559916
420,28622535,0.000197637523064164
421,28623332,8.39911555822165e-05
422,28624864,0.000844369533670657
423,28625810,0.00043782912943823567
424,28627688,0.0001213422873231776
425,28629124,0.0006465230095878018
426,28630199,0.0009380898194996333
427,28632181,0.00040787131665207053
428,28636788,0.0016239911886562935
429,28641565,0.00027699751604905274
430,28645176,0.00045637352188129105
431,28645609,0.0007951650063317312
432,28646205,0.0007212972684662662
433,28648044,0.0002835110076540603
434,28649561,0.0003113787263898289
435,28650559,0.0007606409344368164
436,28654019,0.0001789723547117454
437,28654918,0.00013104020517476652
438,28655927,0.0006750147110221931
439,28662432,0.00035082928015253646
440,28662506,0.00037946962332768635
441,28669389,0.0006938206039517895
442,28669836,0.0009623943841459332
443,28675246,0.0006755289450350232
444,28676717,0.0003279505878777451
445,28682360,0.00042427097502356864
446,28691457,7.629704984740887e-05
447,28695731,0.0006550079016430329
448,28698568,0.0009136025287401852
449,28699872,0.00020266972087198506
450,28704517,0.0001342526436269843
451,28705756,0.0003217485800421652
452,28709869,0.00027584539606249843
453,28710439,0.00014763983753922572
454,28712636,0.00033324301348911347
455,28713976,0.00035248021239621483
456,28715972,0.00015775618919566524
457,28716359,0.00021154941731542316
458,28717895,8.79264446265487e-05
459,28719861,0.0008383908710802203
460,28724555,0.0006910677551116818
461,28724927,0.0011205959826913893
462,28731688,0.0001374129350889499
463,28733990,0.0006997500905909515
464,28737669,0.000550973298026296
465,28739790,0.00030696196951687685
466,28739824,0.0011783872812606345
467,28741151,0.0001771063324499849
468,28757198,0.0003036199257630138
469,28761101,0.0012440032446460756
470,28784676,0.0011025119800903663
471,28807425,0.0006139567986234573
472,28812779,7.629704984740887e-05
473,28815637,0.00012017971618681671
474,28821865,0.0005899851159122134
475,28825809,0.000581119074759869
476,28827120,0.000891477373395671
477,28827826,0.00072560913403422
478,28831061,0.0005150423870782049
479,28831625,0.00023557262086942586
480,28834198,0.0007534251251337086
481,28837113,0.0007914124590330648
482,28842373,0.0001873831575968912
483,28850103,0.0005761747222143472
484,28852016,0.00014175523182701627
485,28859483,7.629704984740887e-05
486,28885732,0.0002072628484667322
487,28885829,0.0006919066459203017
488,28887200,0.0003527739673838423
489,28889015,0.00034582508863355386
490,28890511,0.0002536437454538666
491,28893646,0.00034874900025981786
492,28893788,0.0009409727773874737
493,28919348,0.0009950172189170012
494,28919413,0.00026384830998812643
495,28923774,0.00013791199908641673
496,28931578,0.00026935250743249646
497,28939819,0.000677654053756617
498,28941238,0.0006837676505787342
499,28946234,0.00064222878884115
500,28954201,9.109172931181344e-05
501,28956355,0.0007351591768311712
502,28960168,0.00014833123040801564
503,28960341,0.00010308940666440812
504,28962028,0.0006910883438855467
505,28962863,0.0008174907652990238
506,28964265,0.00021226896867324258
507,28968210,0.0003755067986140503
508,28968775,0.00018896421448050022
509,28971863,0.0005902749936236588
510,28975890,9.042724262593943e-05
511,28981608,0.0008672918255903558
512,28988712,0.0003489573225351442
513,28993516,0.00013248675075153477
514,29020766,0.0005772786006798005
515,29022388,0.0005403508919520391
516,29022391,0.00030439666386139746
517,29029221,0.00013386351717265172
518,29032156,0.0007546418318342585
519,29033090,0.00026680510565516816
520,29035869,0.0006732572774100562
521,29037914,0.0007312125164463186
522,29039950,0.0005358459155007949
523,29050026,0.0006309851708879454
524,29052266,0.0006255023374176895
525,29059517,7.629704984740887e-05
526,29061006,0.00031748893431539436
527,29063446,0.00043538108049241144
528,29066254,0.00014158781161822232
529,29079106,0.00028225740539247887
530,29081057,0.0006740065749880661
531,29087009,0.00017540945678939793
532,29090413,0.00021088512080039035
533,29092042,0.00135777386270678
534,29097338,0.0006418349649147268
535,29103733,0.0001366382701296284
536,29107964,0.0010001183954965044
537,29108968,0.0007325976009312608
538,29108998,0.0011371187242386071
539,29112318,0.0012270931567250822
540,29117525,0.0003462405699395731
541,29126991,0.0002219114967757443
542,29127051,0.0006293337867495163
543,29128927,0.00022886687606179167
544,29145610,0.0007591905638478235
545,29149329,0.0012438813748756146
546,29158274,0.000252034779162882
547,29158283,0.00024767868056922216
548,29161657,0.0006243203644288279
549,29162543,0.0007619340501435469
550,29172482,0.0008601370023002695
551,29173094,0.0008849222098787962
552,29173155,0.00038098398298424684
553,29173452,0.00013346106212180914
554,29175613,0.000617492100660571
555,29182906,0.00029624565064659486
556,29186926,0.0001272334114161134
557,29192758,0.0005978509393946835
558,29193517,0.0005724341750142607
559,29196621,0.0005885419505655603
560,29197647,0.0009177646935383903
561,29199328,0.00021416867802523384
562,29203494,0.0004282699521209332
563,29206070,0.00013714902197473706
564,29208497,0.00029686734882528585
565,29208979,0.00032132963096245706
566,29211886,0.0004109066861705923
567,29221995,0.000758418878818836
568,29227635,0.0006382340130220636
569,29238962,0.00013885037188435929
570,29239714,0.0004887186244802569
571,29239826,0.00032996681405476544
572,29248453,0.00016738723865178796
573,29248469,0.00017237854681021982
574,29248479,0.0001295760520220872
575,29253951,0.0005124556086446349
576,29257013,0.00022568632877531641
577,29263076,0.0007369877593967828
578,29267366,0.0008043997468686969
579,29268741,0.0010579571264178365
580,29271696,0.00017248123870996682
581,29275987,0.0005572372044585864
582,29280948,0.0006430300082077121
583,29282039,0.00016541547145922103
584,29283389,0.00040038554964006194
585,29287697,0.0005183137757969062
586,29288710,0.00026195811913119066
587,29290146,0.00020144696086288672
588,29291379,7.629704984740887e-05
589,29301193,0.0006182159078106918
590,29305989,0.000933506234368557
591,29305994,0.0006601919503650605
592,29307737,0.00032554620353138057
593,29310083,0.00034135539575978226
594,29310642,0.0007377402082332094
595,29313424,0.0003808994514671603
596,29319514,0.00027260697388519113
597,29322649,0.0008601415764093478
598,29322917,0.0005326783636524053
599,29328950,0.00023787040851584455
600,29332402,0.0007661557343031452
601,29338810,0.00011349953108288023
602,29347628,0.0009899442275525664
603,29351202,0.0008780218391693586
604,29351622,0.0012101948532556779
605,29353377,0.0007058130223785409
606,29355579,0.0006574893825188727
607,29355606,0.00011219235709138199
608,29361158,0.00025790290799879395
609,29364843,0.00017344899796833108
610,29366323,0.00044519340123949083
611,29366723,0.00034134251099459225
612,29370287,7.629704984740887e-05
613,29370365,0.0004553512027625148
614,29372443,0.0005684706083310973
615,29378633,0.0009180384454979271
616,29382080,0.0003868212498821369
617,29389911,0.0007816931844270046
618,29390186,0.001045250133761809
619,29402269,0.0006091088104191161
620,29407895,0.00023398986408007898
621,29408220,0.0002630004225834522
622,29431605,0.000261868334664852
623,29436150,0.0002026591571166797
624,29439871,0.00040683219364529
625,29440679,7.973047804733487e-05
626,29441657,0.0006500619291310355
627,29443852,0.00036761770071938474
628,29446150,0.0005772307726617847
629,29452081,0.0006542178029040455
630,29452934,0.0005297409384149123
631,29453967,0.0007839743153798755
632,29456043,0.0008632127324889529
633,29456203,0.00021533005353531744
634,29463301,0.0008637707613709232
635,29465767,0.0002556519425701647
636,29473491,0.00024627713296151196
637,29481562,0.0009334363191055418
638,29483640,0.00016776332864731712
639,29485690,0.0012382529709061036
640,29499697,0.0002041744881823201
641,29501691,0.0010641721315999889
642,29506422,0.00013357679007794778
643,29513530,0.00025165123515598006
644,29515567,0.0003690195222524605
645,29518324,0.0008848160354644093
646,29526196,0.000177397400693281
647,29530639,0.0002899780924311829
648,29531357,0.0008090529958063488
649,29532754,7.85581013676785e-05
650,29537426,9.423935773443014e-05
651,29539262,0.0007661557343031452
652,29540517,0.0011898080899906986
653,29547731,0.00016036370244447323
654,29549670,0.0001400127869429752
655,29549942,0.00039478459974282443
656,29559676,8.03595116019912e-05
657,29563281,0.0006274890186506684
658,29572135,0.000491306652082114
659,29578641,0.0007454931738476777
660,29581070,0.00011720798358850617
661,29587194,0.0005085143667455105
662,29599127,0.0008685408447817169
663,29600981,0.00012414136527332139
664,29604144,0.00013377705494756182
665,29604208,0.00023890191080325407
666,29614844,0.001345481602318721
667,29619942,0.00035845956484587807
668,29631525,0.0007715326338244237
669,29644526,0.00019380274326428733
670,29652914,0.0013070121253779521
671,29663932,0.0002899312899333499
672,29665026,8.88279935756291e-05
673,29665030,0.00032079524843876524
674,29667472,0.0001226192855255145
675,29679762,0.0010826372193879124
676,29680320,0.00029168449597939314
677,29681237,0.0006718014551849749
678,29684333,0.00011560986634276925
679,29684609,0.00011507778062213808
680,29687452,0.00018763638599885048
681,29693177,0.0002569757308098656
682,29697297,0.0006222932034712106
683,29701912,0.00040071344461981614
684,29703140,0.00012339537643229608
685,29712662,0.0006660929598472726
686,29727856,0.0001605229864149447
687,29728628,0.00013155320394709724
688,29728914,0.0011793907645254779
689,29738229,0.00033234730002850766
690,29739717,0.0002504552827262925
691,29752064,0.00016483159565694905
692,29774357,0.00034650280132838965
693,29776930,0.00024017628263466297
694,29784508,0.000334328895564186
695,29784844,0.00039733981782365203
696,29794056,0.00039985425227962324
697,29795682,0.000649928670680989
698,29800568,0.00023106554350131784
699,29806648,0.00020455731024852686
700,29808604,0.0002454609620995207
701,29850754,0.0001957464994084656
702,29854575,0.0004577107176664621
703,29856606,0.0009498305023949903
704,29858013,0.00019146990870501384
705,29858832,0.0005401919423529926
706,29869651,0.0003704563330734048
707,29870564,0.0001626601010137942
708,29870810,0.000301044655441777
709,29873850,0.00045907812870296324
710,29874611,0.0008556116514542302
711,29874631,0.0007700500233687597
712,29879224,0.0009182097668124881
713,29884996,0.0003272493457153634
714,29890069,0.0006300697029774127
715,29894713,0.0004561206970305618
716,29894854,0.00012819030429179527
717,29899462,0.00037288279597395813
718,29905453,0.00011258520708340241
719,29920962,0.0005807500148852688
720,29933702,0.0006056109216830209
721,29959006,0.00016979480427914388
722,29959380,0.0006192582404967312
723,29963726,0.0003607740349423818
724,29969762,0.00010790592187490713
725,29970891,0.0011018156445470686
726,29980138,0.0005460020143477007
727,29981697,0.0009795117549111737
728,29983273,0.0007162391241924297
729,29991120,0.0001813176244428221
730,29996565,0.0009222819547859613
731,29998877,0.0005322448464665432
732,30008433,0.0005783874344145888
733,30012343,0.0011056670091921256
734,30012440,0.0005606219776265168
735,30015958,0.0001247603632879166
736,30017979,0.0003322576733168299
737,30020150,8.00580614380654e-05
738,30021422,0.0011527911656045722
739,30026942,0.0010113206884588978
740,30027472,0.000376341292945369
741,30027848,0.001082086019889071
742,30028623,0.0002900778883163813
743,30028947,0.0005635485060947134
744,30037389,0.0001266154960547496
745,30037998,0.0005359724652322773
746,30040725,0.0006544377940580977
747,30046138,0.0007827885219671884
748,30052033,7.629704984740887e-05
749,30053390,0.0007132304513557449
750,30060219,0.0008418347687986504
751,30061285,0.0007824188324592937
752,30061724,0.00043914854225454757
753,30064544,0.0012209325602128005
754,30074139,7.629704984740887e-05
755,30076041,0.0007489830611421822
756,30084624,0.0001756995234935609
757,30085657,7.629704984740887e-05
758,30097635,0.0005254899780977911
759,30100608,0.0006374610220168142
760,30100908,0.0008135132373178861
761,30110701,0.00012358223874006516
762,30118246,0.0007443055004579674
763,30120393,0.0005892915544410218
764,30120878,0.0010480138379274674
765,30121768,0.00014767805191208888
766,30124845,0.0005700749054575688
767,30124905,0.0009270597740863838
768,30125334,0.0004142241919174734
769,30125584,0.000888800198542394
770,30134885,0.000212886634354569
771,30135402,0.0010934044044227172
772,30136030,0.0007554022015921749
773,30138665,0.00047816906379892184
774,30141159,0.0006939486214885788
775,30142005,0.000273837130297473
776,30154940,0.0001046826949759406
777,30179517,0.0005969548912293132
778,30184071,0.00020853561936169866
779,30184243,0.00024725833897796135
780,30188994,0.0007246315583494955
781,30189011,0.00044773774391754467
782,30195937,0.00010617027262746606
783,30196859,0.00014746149309153577
784,30207151,7.629704984740887e-05
785,30215733,0.0011669049743143667
786,30216370,0.0004824655153780475
787,30218443,0.001049632562064667
788,30226397,0.0012877213322311633
789,30227230,9.001938558478187e-05
790,30229514,0.0008238915401747054
791,30243923,0.0005085143667455105
792,30250474,0.0005433168157498399
793,30252196,0.0006141563775337257
794,30255784,0.0010502109681020462
795,30260702,0.00042728080457010654
796,30266635,0.00028484650086201663
797,30268502,0.0005313375937198386
798,30269257,0.0009104774900550003
799,30269852,0.00024210577261056434
800,30270115,0.00016212191476761814
801,30275388,7.629704984740887e-05
802,30278360,0.00023786435079762588
803,30278498,0.00011131368675396162
804,30279112,0.000576283728139614
805,30279359,0.0007377400506958947
806,30280189,0.00024670855521630695
807,30281385,0.0009243607588329984
808,30282755,0.00014110931192899475
809,30283451,0.0006733031545453185
810,30292804,0.000584119241246213
811,30295142,0.0003596568477394434
812,30305321,0.0009177646935383903
813,30315110,0.0002927156726157058
814,30322120,0.0011505567735992928
815,30324092,0.000437482163908515
816,30332796,0.0003900736650997781
817,30335975,0.00017142605670985604
818,30341079,0.0003347491488121043
819,30345920,0.0005286874797533295
820,30346140,0.00036481851964147865
821,30352512,9.250357114909348e-05
822,30357331,0.00015707227271512649
823,30378477,0.0002746856902862494
824,30381619,0.0002976421635888443
825,30385768,7.629704984740887e-05
826,30389546,0.00018208198978159952
827,30397984,0.00031159381016422454
828,30398957,0.00021982451946754347
829,30400225,0.0001659694761952507
830,30403128,0.0004244364829934609
831,30417789,0.0009481624989674972
832,30419397,0.0002601938002615582
833,30424807,7.839856374736445e-05
834,30431401,0.000806209120276399
835,30439463,0.0006164006841366532
836,30439489,0.000588482410610411
837,30442678,0.00023991701250188882
838,30442963,0.0005808793033160468
839,30443594,0.0007217616396404349
840,30447379,0.000655214605819768
841,30448894,0.00010409091598871426
842,30449002,0.0003111385129120837
843,30452697,0.00028296280244686557
844,30452920,0.00035554542923741316
845,30452933,0.0001750565032356807
846,30463067,0.0008951594159229227
847,30463701,0.00036152268887370274
848,30463703,0.0005165895525290731
849,30466931,0.0013541376055644012
850,30468326,0.0006815521214065798
851,30468745,0.00041398252193438137
852,30475200,0.0005587143650801153
853,30475620,7.629704984740887e-05
854,30476737,0.0009587224387837616
855,30498092,0.0004625532523262959
856,30499668,0.0008278583174121276
857,30500757,0.0005362559339563124
858,30518070,0.0005384306804639355
859,30522443,0.0008330591002731417
860,30526450,0.0008090817847948132
861,30528610,0.0013850544798841306
862,30529003,0.0003006705550415393
863,30529536,0.0004399623757279402
864,30530405,0.0006440476766454688
865,30532539,0.000978946429675342
866,30534914,0.00040906240514990155
867,30543423,0.000326866558572355
868,30568031,0.0001524697095429148
869,30568447,0.00010211978697717355
870,30570475,0.0010322080540025504
871,30575780,0.0001307504927769018
872,30576144,0.00020450605694850678
873,30577543,0.00013287526569930093
874,30579321,0.00011113748323495837
875,30583005,0.0007528285937508006
876,30583449,0.00015945328018485459
877,30589253,0.0005393679941385106
878,30593676,0.0015321134262817433
879,30594464,0.0005280945294494304
880,30596392,0.0003715754626509236
881,30596889,7.629704984740887e-05
882,30599395,0.0002511296895069642
883,30610164,0.0011593839646920128
884,30624668,0.0005430226520342869
885,30632884,0.0006190891321632357
886,30633257,0.0006599431616884618
887,30634055,0.00034369204573775325
888,30635223,0.0008502539661993654
889,30638446,0.0006179032914482756
890,30641322,0.00034099828678161963
891,30663555,0.0008066031651573191
892,30685290,0.0006670482431079566
893,30688322,0.0006120003851278402
894,30692997,0.0007272575181391529
895,30696553,0.0001538599776691783
896,30701201,0.0005683172867077597
897,30709056,0.0006251748782056205
898,30711763,0.0008284409751619624
899,30712073,0.00021057955638331075
900,30720421,0.0006231641273017553
901,30720896,0.0008989457363949984
902,30734396,0.00019408218991563583
903,30735368,0.0008679633810664381
904,30753486,0.0002979802516292879
905,30769293,0.0001552324397391908
906,30773930,0.00018513341899733705
907,30783935,0.0008045495501227579
908,30785139,8.776501928350834e-05
909,30787405,0.0005246860918882991
910,30793045,0.00039967572880543457
911,30794556,0.00010319788487870039
912,30796747,0.0011889314907117588
913,30796888,0.00035888364900523155
914,30797287,0.0007603908900832279
915,30807529,0.00011271385598052926
916,30823998,0.0005301883307820593
917,30824944,0.00040015326324959345
918,30830745,0.0003700580923807025
919,30831306,0.0011648693795618566
920,30831322,0.0003186328216674396
921,30832731,0.0006018755948552238
922,30842227,0.0010377895299251197
923,30842232,0.0007213981212182916
924,30842778,0.00016287840886726782
925,30843356,0.0007246520067001278
926,30844701,0.00047981335749753553
927,30848594,0.0012395890663410075
928,30849936,0.0012268726860258652
929,30851450,0.0011355604965064786
930,30865424,7.850105423167121e-05
931,30873936,0.0005345528713203437
932,30917919,0.0007699531718018826
933,30919848,0.0014480796655184736
934,30919904,0.0003517602831791586
935,30921683,0.00033055285704565104
936,30924621,0.00037649843641204155
937,30928860,0.00014343074564833266
938,30929087,0.00030988910198364856
939,30930888,0.0009059868448854329
940,30936102,0.0005221430588872436
941,30936500,0.0001142572591434438
942,30942652,0.0006702003908494817
943,30944281,0.00018328247313271036
944,30947673,0.00013371614405913393
945,30949899,0.0005588862220203241
946,30951282,0.0006602111906607798
947,30954430,0.0005544532037528422
948,30957977,0.0010225751806734187
949,30964377,0.0007067590238590048
950,30967028,0.0003860989629139082
951,30972305,0.0006333398600894169
952,30972868,0.00014041918025649574
953,30980360,0.0009559090179495318
954,30985084,0.0001887494873944091
955,30986374,0.0007278623482743873
956,30991151,0.000498498986340519
957,30995821,0.0006863830675683156
958,30999788,0.00012623785806178356
959,31001787,0.0005200411318463163
960,31003954,0.0006239292808358174
961,31012001,0.00016410919517211709
962,31020664,0.00018833877361916615
963,31023570,0.0007040288195006126
964,31026481,0.0008582861837919508
965,31034495,0.0007431185205356932
966,31040323,0.0003414282377187932
967,31042710,0.0008561548466435911
968,31044071,0.0007243096958289225
969,31054799,7.835005898634414e-05
970,31059253,0.000212886634354569
971,31068610,0.0003703515560213716
972,31070724,0.00089499956965197
973,31080973,0.00035634060235540375
974,31085703,0.0001450063415001102
975,31088910,0.0005125145512136002
976,31098677,0.0001943257363378323
977,31101936,0.0007184874035685436
978,31108023,0.0003065391030614605
979,31116540,0.00010492260471390172
980,31122850,0.0002122602679182411
981,31134066,0.0009465928989736223
982,31140789,0.0008721935758106456
983,31144014,0.0009023892891709742
984,31144441,0.0007118593750008417
985,31144503,0.00012470145114922509
986,31154007,0.0007881393640011546
987,31154008,0.0006085883785632999
988,31158448,0.00012427748292282958
989,31160313,0.00096072607324231
990,31181304,0.0006361276155333899
991,31182007,0.0003925280611548199
992,31199612,0.0006681783525341399
993,31203191,0.00019087669139552488
994,31207076,0.0006186278492681266
995,31207402,0.00016585298264537433
996,31209009,0.000868277514337579
997,31209306,0.00011753225206039624
998,31216222,0.0005177317865770811
999,31216814,0.00024355656356160664
1000,31226356,0.00040563956029988663
1001,31228542,0.0008621965076820375
1002,31228931,0.0009456419841707427
1003,31232005,0.0008677456037628291
1004,31239161,0.0007048470332656996
1005,31241658,0.000451046043722669
1006,31242693,0.00096702962575144
1007,31243959,0.0005930581731373201
1008,31245047,0.00039052934510697265
1009,31250760,0.00046408070296023144
1010,31252518,0.0002227361899967184
1011,31257848,7.847946184936698e-05
1012,31260926,0.0007795751254490261
1013,31262018,0.00014152856857119705
1014,31262645,0.00022349396095930663
1015,31265023,0.00023754039753681781
1016,31273247,0.0005940343950843128
1017,31278129,0.00021461395029654846
1018,31278172,0.000523354686454402
1019,31278884,0.0006889817057089561
1020,31280613,0.0005702329142927787
1021,31284958,0.00030869749526348086
1022,31287812,0.000787945753456898
1023,31288894,0.00014761725380778027
1024,31290530,0.0001343734491494377
1025,31290614,0.0003812585562981793
1026,31292668,0.00033239559247796933
1027,31317613,7.909041119588536e-05
1028,31319209,0.0007014198986295523
1029,31336833,0.00041856980499227383
1030,31340916,0.0007334186508058917
1031,31344137,0.0005456013008950798
1032,31348855,7.629704984740887e-05
1033,31351116,0.0005393274454008155
1034,31356928,0.00015343433503867777
1035,31361004,0.0006054282768652888
1036,31362092,0.0006861231471144649
1037,31364074,0.0010920014999986822
1038,31364076,0.0001388684831373274
1039,31364084,8.712063114769726e-05
1040,31364146,0.0005419653962873815
1041,31364735,0.00022405244551920007
1042,31365246,9.162928902690278e-05
1043,31374901,0.0009400272488457617
1044,31385514,0.0002654493218622146
1045,31402295,0.000786432441904635
1046,31407222,0.00013271364876373557
1047,31420345,0.00018411188691669795
1048,31422413,0.0006114534682838713
1049,31424014,0.0005622741179364952
1050,31429686,0.00018743580672739933
1051,31429688,0.00036477267095241924
1052,31430343,0.00042081532929852893
1053,31430558,0.000983955986989936
1054,31432254,0.0003211900140462049
1055,31438821,0.0007932694593879443
1056,31441618,0.00010376916364674413
1057,31443260,0.0008121386327399852
1058,31445122,0.00017106554656305298
1059,31448889,0.0005849277256592821
1060,31469195,0.000385388302426408
1061,31469857,0.0003730882862189328
1062,31477042,0.0002325517232224847
1063,31482943,0.0003792587430943246
1064,31484765,0.0006352026482969652
1065,31495877,0.00013358665136745996
1066,31500220,0.0002680946451820214
1067,31509851,0.0007212692160451602
1068,31511628,0.0005549784259626623
1069,31512522,0.0003441996396289529
1070,31513820,0.0005057961677014777
1071,31515599,0.00021279960792025922
1072,31526069,0.00023795631294539003
1073,31528955,0.0005705683985965273
1074,31528961,0.0002796334121824715
1075,31529504,0.00028647802534110406
1076,31541777,0.0008608271870384132
1077,31545652,0.0004268951929446992
1078,31548055,0.0007467540622900105
1079,31548559,0.0007436315908686494
1080,31548788,0.0004406243674208662
1081,31553285,0.0008133832050359233
1082,31555832,0.0005316419878307093
1083,31556252,0.0006280067424930053
1084,31560985,0.0005446054545391316
1085,31573795,0.001162238518358367
1086,31574341,0.0007147019709842653
1087,31578353,0.00034967669426890294
1088,31580833,0.0002212774321155536
1089,31585860,0.000594858724535451
1090,31597744,0.0007692272069440285
1091,31602826,0.0006287800902910363
1092,31608795,0.00010306254438463483
1093,31612325,0.0004161952139442919
1094,31612826,0.0007259258748232929
1095,31614561,0.0003619362068581258
1096,31619537,0.00024077106566046584
1097,31629100,0.0005698139461718898
1098,31629797,0.0008466223967526326
1099,31635388,9.52950175436448e-05
1100,31636641,0.0008997591258737628
1101,31649297,7.629704984740887e-05
1102,31655268,0.0009699333056216415
1103,31656198,0.0010559396846238126
1104,31658371,0.00011962406020033048
1105,31660862,0.0008127266199324447
1106,31666656,9.912768519275438e-05
1107,31668583,0.0005254624664894008
1108,31669654,0.0005738104472402003
1109,31673920,0.0005253031391315218
1110,31674183,0.0005766332967017957
1111,31678742,0.0007457456591486626
1112,31681295,0.0007761289039869884
1113,31682816,0.00016514530593648226
1114,31694895,0.0006074718462838693
1115,31698984,0.00062318798360679
1116,31712128,0.00010162392438650431
1117,31726911,0.0004132875996958759
1118,31735572,0.0009861433613140521
1119,31744250,0.0005167216225957567
1120,31748324,0.0007790653997028111
1121,31748527,0.0006298159368083671
1122,31755930,0.001069359606334616
1123,31758921,0.00010690185462783974
1124,31760879,0.0007734698150297798
1125,31767727,0.0009249276915270365
1126,31770106,0.0002839574056593357
1127,31770604,0.000700692676900951
1128,31770626,0.0006631288478092202
1129,31770627,0.00031579043024264895
1130,31772245,9.255368611222408e-05
1131,31793105,0.00033640228236048414
1132,31794180,0.000266073021549587
1133,31803195,0.00027047969033965253
1134,31804896,0.0007862906149252603
1135,31805414,0.00015215274693096905
1136,31808125,0.00020466563466175442
1137,31836943,0.0003543669341606109
1138,31841319,0.0003520660664394692
1139,31841775,0.0008315726240359631
1140,31842727,0.00044698374889409753
1141,31845463,0.0005775371044193412
1142,31858653,0.0007823789457521734
1143,31859475,7.629704984740887e-05
1144,31861863,0.00014441520066027917
1145,31862187,0.00020096537721748947
1146,31862295,0.0004492506840015455
1147,31862311,0.0007556477475659007
1148,31864349,0.00016964977758069004
1149,31868940,0.0004704647802855604
1150,31870282,0.0007415907138485541
1151,31870288,0.0011518504696929387
1152,31871088,0.000806554461621358
1153,31871151,0.00046426683735864636
1154,31876422,0.0007090979052103325
1155,31877316,0.0002546555761823154
1156,31877351,0.0008690593800372605
1157,31882661,0.0007311968571744536
1158,31887922,0.00012288249135261587
1159,31901519,0.0009176967197330441
1160,31905755,0.0008227442319257049
1161,31910709,0.0005220195996212976
1162,31914603,0.00015396845156557404
1163,31922723,0.00048097277481212524
1164,31923567,0.0006283176978907092
1165,31924826,0.000328384343641318
1166,31938070,0.0006765817441570361
1167,31941439,0.0008955382275967976
1168,31943881,7.629704984740887e-05
1169,31944685,7.629704984740887e-05
1170,31952594,0.0006190840678928782
1171,31954183,7.629704984740887e-05
1172,31967833,0.00018746734221068739
1173,31969663,0.0006626524814014364
1174,31973845,0.000150742819703901
1175,31978413,0.00039047323017214373
1176,31980002,0.00038096724202428946
1177,31981004,0.00010336050329572732
1178,31981594,0.00018313639068980264
1179,31982429,0.0006234287508820356
1180,31987866,0.00021321336554950632
1181,31991335,0.0010418645811536835
1182,31996107,0.0009554650283577668
1183,32017534,0.00037558385935826757
1184,32027696,0.0007625777808374011
1185,32035922,0.0007290892603413517
1186,32035966,0.0005753176303526636
1187,32041197,0.00037865875063114733
1188,32043924,7.629704984740887e-05
1189,32046328,0.0008063244665870669
1190,32051417,0.0004575729022765887
1191,32061941,0.0007661557343031452
1192,32062787,0.0007912317843644729
1193,32064872,0.00029819653090401593
1194,32068530,0.0004848918517777206
1195,32069265,0.00036583300349506663
1196,32069902,0.0005832867342709074
1197,32083626,0.0007420108844075136
1198,32084537,0.00024109833598305198
1199,32085562,0.0005224150351737586
1200,32088874,0.000819298845648157
1201,32096972,0.0004907062785976429
1202,32103047,7.629704984740887e-05
1203,32104975,0.00012913384132203816
1204,32108170,0.0006380655187386715
1205,32115014,0.0004879060628897975
1206,32119634,0.0010187854337462027
1207,32120828,0.0007207507872576038
1208,32134941,0.0005584498140170807
1209,32160376,0.0004542418580126942
1210,32167274,7.629704984740887e-05
1211,32169940,0.0011695728413870033
1212,32173662,0.0002352727554105671
1213,32173900,0.0001226192855255145
1214,32174109,0.0005411251890419872
1215,32182940,0.0011446625720569186
1216,32183940,0.00034217548947189423
1217,32184085,0.00044145072727247447
1218,32184115,0.0004718136821670487
1219,32184162,0.00093392263151858
1220,32189297,0.00021437516754198584
1221,32192076,0.0007999651795274449
1222,32194564,0.0006561882440158271
1223,32198143,0.0002505617772369959
1224,32203966,0.0006519085693695215
1225,32204400,0.00015024309496635915
1226,32209394,0.00020558150822752117
1227,32212182,0.0001018905953229945
1228,32216308,0.0005922145072643425
1229,32220553,0.00041725513499968315
1230,32224200,0.00048464226848375755
1231,32229648,8.784325236370168e-05
1232,32232010,0.00028857212725910355
1233,32233963,0.0009333008822324007
1234,32236485,0.0006471465770441
1235,32237947,0.00017762851784692998
1236,32241895,0.0005017065097885444
1237,32249837,0.0005301498897932584
1238,32250173,0.0006903511376869487
1239,32251867,0.0010300763495019714
1240,32253250,0.0004788807679854127
1241,32255460,0.00010196551695225421
1242,32257965,0.0008384683751076883
1243,32267583,0.00025578567221790516
1244,32272013,0.0007161012705727329
1245,32272896,0.00022156128177837532
1246,32278658,0.0003630440156704571
1247,32284036,0.0008807529885394704
1248,32292058,0.0007498881474470287
1249,32296172,0.00012363888466276668
1250,32299353,0.0007994670655528782
1251,32303755,0.00024982748814412754
1252,32308658,0.0006798140001698543
1253,32310641,0.0002784409846647563
1254,32316784,0.0002201862571457704
1255,32325790,0.00015534371453663568
1256,32326710,0.0011131114583301312
1257,32333997,0.0006107924916453543
1258,32338216,0.0007884880891057384
1259,32340301,0.0011696442262106926
1260,32342070,0.0003228761906079934
1261,32351509,0.0007227609894642188
1262,32356327,0.00015930990474954427
1263,32357292,0.0008939843147695385
1264,32367088,0.00012361924562570068
1265,32367434,0.0009112425184757321
1266,32369105,0.0003593868006948499
1267,32376222,0.00036130909940008135
1268,32382765,0.0001964562092061609
1269,32385579,0.001103122764253585
1270,32389124,0.0003980237161094794
1271,32392230,0.00039388563665362214
1272,32392433,0.0002872169705620435
1273,32399738,0.00023747889524465839
1274,32407589,0.0007055411017967253
1275,32410087,0.00012047139835676105
1276,32411614,0.0003719679826987958
1277,32417908,0.0009758213450704914
1278,32432293,0.00039074465083019144
1279,32433662,0.0011557288426612658
1280,32436832,0.00024236663482853752
1281,32443730,0.00017692791521847897
1282,32447024,0.0004082442646512898
1283,32468650,0.0006976861315317793
1284,32474673,0.0005563249355772503
1285,32480228,0.00010867310101004372
1286,32483218,0.0001034852250796868
1287,32485179,0.0007859305578587815
1288,32492342,0.00015309788493078632
1289,32493249,0.0005648125211198691
1290,32493549,8.871851703489634e-05
1291,32495197,0.00017605319795091674
1292,32499582,0.0005026854532134238
1293,32500172,9.188522450330456e-05
1294,32509598,0.0007018231750873697
1295,32510809,0.0009350540931078488
1296,32510949,8.415194492197869e-05
1297,32513857,0.0003004805573901909
1298,32514524,0.0002023704192808859
1299,32514531,0.0011118107815821813
1300,32516320,0.00012781967041067878
1301,32516364,0.0004011725012647221
1302,32519818,0.00012693636015561873
1303,32520670,0.0006512178524232419
1304,32524733,0.000293978470281022
1305,32524902,0.00015911902225760214
1306,32526177,0.0005884758675004365
1307,32531564,0.0006104399215088448
1308,32533271,0.00031430259999708915
1309,32535196,0.0006381983277352527
1310,32551953,0.00025503977181721114
1311,32559384,0.00047420607387362783
1312,32560350,0.0008109770744341576
1313,32560562,0.001185284966040996
1314,32571820,0.00033997915658369514
1315,32572049,0.0006616267768322662
1316,32575446,0.000511579999440159
1317,32619707,0.00036839547158688
1318,32627752,0.000741048126700222
1319,32631255,0.00017220919751500028
1320,32637365,0.0006992342498565123
1321,32640562,0.000269726231568874
1322,32655555,0.00024075226007077072
1323,32658599,0.0003268493655462477
1324,32660996,0.00010432281749336016
1325,32662284,0.00030692407513290877
1326,32662872,0.0007159485351376614
1327,32664544,0.0006929234825367834
1328,32682918,0.00035085151367685984
1329,32688298,0.0006291523471343293
1330,32697213,0.0004174710359364424
1331,32703065,0.0006379408607736248
1332,32712492,0.0005615579075000346
1333,32712503,0.00046372884304626166
1334,32719135,0.00020833500071232067
1335,32719391,0.00020842403931360434
1336,32721263,0.0010922497973900672
1337,32721600,0.0003361060009636782
1338,32722876,0.00042521291035073003
1339,32723829,0.0003930535666905507
1340,32725811,0.0013368097006607941
1341,32729517,0.0007280952409927698
1342,32741107,0.0007885843009470091
1343,32746508,0.0009323114160460089
1344,32747603,0.0009601571009276659
1345,32751755,0.0010386192670146111
1346,32754156,0.0006783164401168191
1347,32762039,0.0009365714092874571
1348,32764602,0.0005525950828399502
1349,32768440,0.0011043844817621464
1350,32768482,0.00031813386930897405
1351,32768860,0.00019455405793731472
1352,32769678,0.0002791856346973627
1353,32776656,0.0008024603092650928
1354,32776975,0.0002156291259699256
1355,32784638,0.00031631562000532265
1356,32786286,9.306706506511718e-05
1357,32786298,0.000528293526405355
1358,32790288,0.0001363922006855129
1359,32794541,0.0006122762926079289
1360,32795924,0.0011221433300462936
1361,32798696,0.0001421696663559119
1362,32798986,0.0005326464954369367
1363,32800606,0.00029904505200176374
1364,32803260,0.00013105753558076194
1365,32810294,0.0006425579450418137
1366,32815723,0.00021435944950717919
1367,32835792,0.0007613941553196674
1368,32840352,0.0002039899410724056
1369,32846581,0.00010369522001464225
1370,32847031,0.0002501033218893694
1371,32847443,0.0005110363506890547
1372,32852036,0.0007502381835519687
1373,32857196,0.0007758932358425378
1374,32861765,0.0007291160176409856
1375,32866199,0.0007831946575935965
1376,32867474,0.0003376085055464134
1377,32882411,0.00010377647017869142
1378,32886325,0.0008693639184996154
1379,32894831,0.00018461213482341037
1380,32899913,0.00045948622214448374
1381,32907333,0.0005904541615360415
1382,32909733,0.00014755265769542556
1383,32920507,0.0006979877426267358
1384,32920752,0.0008254342361899721
1385,32925767,0.00010348885318630242
1386,32927355,0.00021342512658336691
1387,32927695,0.0002909276528207697
1388,32928304,0.00029612053161442683
1389,32929164,0.0005969092774224651
1390,32930578,0.00029667251735773575
1391,32932574,0.000473099777511016
1392,32935618,0.0005461806473618363
1393,32939034,0.0004964180762240201
1394,32946213,0.000359940174872309
1395,32948801,0.0001431449613910264
1396,32960197,0.00027886981305886465
1397,32980392,7.629704984740887e-05
1398,32981420,0.0002300706247677338
1399,32988256,0.00042844471349843497
1400,32997354,0.000299784496122479
1401,33001761,0.0003038692488867334
1402,33002763,0.0005906540092162719
1403,33007335,0.00017171813522410645
1404,33010325,0.00034881503764602967
1405,33011434,0.000469253675029081
1406,33017910,0.0002469122627902184
1407,33022426,0.000768621335594115
1408,33053906,0.00016564697954052246
1409,33054163,0.0009808497624152431
1410,33058296,0.00029593490665669154
1411,33060057,0.0002637738812314773
1412,33067430,0.0009826169643155913
1413,33073836,0.0002628918452580539
1414,33082495,0.0006827777216266677
1415,33090198,0.0007415907138485539
1416,33091581,0.0009327491209777813
1417,33092508,0.00013133961852632246
1418,33092519,0.0002488630341873218
1419,33095969,7.861135473468103e-05
1420,33102247,0.0006964739957727243
1421,33108080,0.0006366201084144471
1422,33113989,0.00031108925205725643
1423,33114656,0.0007238721286766069
1424,33114712,0.000625748365079697
1425,33116520,9.561542026315513e-05
1426,33123157,0.00027240614213355904
1427,33133056,0.00045149114058233304
1428,33135060,0.00035634060235540375
1429,33135737,0.00011561861584996041
1430,33140935,8.70755097283731e-05
1431,33142794,0.00036545201937148613
1432,33157121,0.0005256432979748743
1433,33159959,0.00047307363539200785
1434,33166692,0.00022093747886945932
1435,33171598,0.0003052927863041925
1436,33174215,7.629704984740887e-05
1437,33178214,0.00015492004984506987
1438,33179786,0.000766032707433563
1439,33187458,0.0006294475178456818
1440,33187577,0.0006962374646727036
1441,33199088,0.00047818629435320676
1442,33199393,8.628109750132344e-05
1443,33200281,0.0004419532387968723
1444,33200610,0.0005921570143326306
1445,33207639,0.0007054644084033892
1446,33211361,0.0010927637152289148
1447,33222078,0.0007718487757873295
1448,33225796,0.00045648553101084333
1449,33228673,0.0001572805011221365
1450,33243630,0.0006617837353518336
1451,33245013,7.629704984740887e-05
1452,33245664,0.0008240267996584895
1453,33247193,0.00026353121297750917
1454,33249170,0.0005490075965943555
1455,33249255,0.0003967426525518091
1456,33253275,0.0004876444964550449
1457,33253904,0.0007813960601047174
1458,33255674,8.42710595423524e-05
1459,33255892,0.0008237044876439766
1460,33259204,0.001011192636458426
1461,33259791,0.0008027648555434667
1462,33260797,0.0007541898978796938
1463,33263333,0.0009496667479953506
1464,33263335,0.0007001282435299008
1465,33265989,0.000816970648525581
1466,33266085,0.000678970459013087
1467,33266278,0.0007957250453589829
1468,33283398,0.000722366024027546
1469,33289537,0.000471445256084185
1470,33301795,0.0002723714289729885
1471,33302377,0.00016531768103384054
1472,33309927,0.0008862926603043223
1473,33313682,0.0006733415010683104
1474,33314740,0.00022880944779198655
1475,33325380,0.0007245109676779428
1476,33330989,0.0001170143472402403
1477,33340371,0.0006620482336933203
1478,33358792,0.0006234393485732414
1479,33359393,0.000941523411552798
1480,33359480,0.0001759978385461611
1481,33361130,0.0008324198223039995
1482,33368039,9.253053326123538e-05
1483,33373733,0.0002745360963392321
1484,33374243,0.00024986242973778095
1485,33374458,0.0008258537877401605
1486,33387360,0.00020986242357971027
1487,33390588,0.00014888820863850633
1488,33396382,0.0008104827254632721
1489,33400958,0.0007415907138485539
1490,33403373,0.0005615520456338929
1491,33426647,0.0008334787274055291
1492,33429882,0.0008220249802846487
1493,33439248,0.0001097810057447912
1494,33442881,0.0006621467058572774
1495,33446738,0.00010781674742276143
1496,33447936,0.00037295750439687164
1497,33451135,0.00012329471758415223
1498,33456760,0.0009736478794433289
1499,33463166,0.0012255666551801469
1500,33464100,7.629704984740887e-05
1501,33476473,0.00023084049026880597
1502,33476500,0.0008820569036813228
1503,33480260,0.0007523032644261988
1504,33486122,0.0006985073591540796
1505,33497434,0.0006818758565329603
1506,33501992,0.0008621727997710632
1507,33524559,0.0006545342796854729
1508,33524724,0.000212886634354569
1509,33538061,0.00013849128005096872
1510,33540113,9.14126930523598e-05
1511,33544031,0.0007986099698028844
1512,33548456,0.0005106545254795253
1513,33549640,0.00022121340187381954
1514,33564914,7.629704984740887e-05
1515,33572467,0.0001760197278933603
1516,33573089,0.00038309892571771116
1517,33574811,0.00012435266822773177
1518,33597701,0.0006393260186171558
1519,33609719,0.0011467660452960297
1520,33610592,0.0004754651899463774
1521,33612816,0.0007407133291366535
1522,33613541,0.0001140302606577466
1523,33621783,0.0008793681297415301
1524,33627652,0.0008311930694626145
1525,33629416,0.0006683707465514828
1526,33632463,7.629704984740887e-05
1527,33648287,0.0007247540892616966
1528,33648295,0.0002945163637793316
1529,33650856,0.0013482135793398532
1530,33652005,0.0003446609298988852
1531,33653023,0.0006733115923655775
1532,33655458,0.0006861787756723426
1533,33670191,0.00023722149946985046
1534,33672437,0.0002694527733981912
1535,33675719,0.0004379826430602249
1536,33676046,0.00035234137188662983
1537,33677023,0.0007026605873489699
1538,33689311,0.0009616474622140742
1539,33694264,0.00013095662717658017
1540,33704631,0.0006537512870202942
1541,33705987,0.0013101057202865845
1542,33707943,0.0012077413344953596
1543,33714188,0.0006431588786867379
1544,33715301,0.0006372483970055688
1545,33734592,0.0003991626082990948
1546,33743736,0.00018070129239721776
1547,33746031,0.00037545232006525834
1548,33764852,0.0005331951266178889
1549,33784381,0.0006908255460786224
1550,33789997,0.00010041480632691693
1551,33797775,0.0003427243442925785
1552,33797891,0.00037648387723639956
1553,33801617,0.00013910720413523345
1554,33804147,0.0009265206930035097
1555,33804887,0.0011040120682526478
1556,33806791,0.00017871323275789084
1557,33826097,0.000750520203535798
1558,33836929,0.0008638419455437159
1559,33841800,0.00036714903434869684
1560,33844786,0.0005694018971957596
1561,33844923,0.0002899780924311829
1562,33863635,0.000267520554434536
1563,33864932,0.0006434024880595217
1564,33878564,0.0009904356065759527
1565,33882723,0.0006963243271949094
1566,33891157,0.00027090153194664763
1567,33893654,0.00046987693355276063
1568,33894375,0.000215781227897479
1569,33899825,0.00014326815893296818
1570,33901665,0.0007495787148342139
1571,33901846,0.0005025935334763591
1572,33902314,0.0001294125340059436
1573,33905581,0.0007354446235564871
1574,33907816,0.0007870481855371358
1575,33910191,9.24630394920858e-05
1576,33930077,0.0005252632516310408
1577,33932712,0.0001345972191168454
1578,33942149,0.0009002249927356018
1579,33949360,0.0005752523377424645
1580,33949388,0.00104040125502192
1581,33964686,8.510821045984223e-05
1582,33966114,0.0006121916633483004
1583,33966375,0.0004119533010593225
1584,33972964,0.0005219665527397162
1585,33974425,9.807150400669009e-05
1586,33977052,0.00068917613569095
1587,33978916,0.0008491283969095869
1588,33989882,0.000718723718476147
1589,34006869,0.00040660622774398947
1590,34015235,0.0009667244120535695
1591,34018140,0.00047771797826392517
1592,34024033,0.0008429877113664586
1593,34031048,0.00023792912785245476
1594,34033877,0.0010952693896487237
1595,34037929,0.0007226431272387478
1596,34039428,0.0007711057408902905
1597,34041861,0.00040287120988525757
1598,34043312,0.00011780260606342608
1599,34043498,0.0005763976906312164
1600,34044843,0.0009863802895628366
1601,34045640,0.00037290603971347936
1602,34048890,0.0004340961531764352
1603,34051755,0.00038139526851000403
1604,34052310,0.000798281474008785
1605,34052349,0.0001583432734483284
1606,34054803,0.00014749606299920592
1607,34058872,0.00029832573785308354
1608,34064456,8.442265261205187e-05
1609,34082028,0.0006321798615200083
1610,34082718,0.0006497533384742431
1611,34083569,0.0006998942378962659
1612,34086856,0.00040202389927560173
1613,34088889,0.00035711511218095514
1614,34091039,0.0008947972967962263
1615,34105992,9.075303861327468e-05
1616,34116116,0.0006681842845255246
1617,34116398,0.0007766442868626811
1618,34118363,0.0007446813888561196
1619,34119119,0.0003263952253037166
1620,34127004,0.0009033464092790114
1621,34129401,0.000703746975408122
1622,34135896,0.0005232045066511607
1623,34142414,0.00014155790753640442
1624,34143327,7.629704984740887e-05
1625,34143573,0.00025545634827164475
1626,34146201,0.00011016395215326504
1627,34146653,7.629704984740887e-05
1628,34146673,0.0009705796011626236
1629,34148884,0.00027900740807366856
1630,34153282,0.00034771928309839783
1631,34156631,0.0005254899780977911
1632,34165324,0.0008176050748044168
1633,34165498,0.0004433256524438386
1634,34166442,0.0005951703465373042
1635,34171196,0.000737225439812057
1636,34178720,0.0008540393518551996
1637,34180670,0.0005385257146702519
1638,34189614,0.0006507174183884018
1639,34191496,0.0002924416010229318
1640,34192578,0.00013934345310743666
1641,34196552,0.00023651022672106548
1642,34224309,0.00024296644564557063
1643,34228138,0.0006687379240245386
1644,34233061,0.00015271268532932915
1645,34237400,0.00020820406653055946
1646,34251811,0.001053342901108198
1647,34261542,0.000580478273016566
1648,34277460,0.00032362972914618004
1649,34286419,0.0001190135428297617
1650,34289613,0.0005700086455639859
1651,34294041,0.0005407980084518685
1652,34298050,0.0006981080162158981
1653,34310825,0.00010399253322640863
1654,34314572,8.799573754057232e-05
1655,34321839,0.00010750881474072782
1656,34323766,0.0008616288998812102
1657,34324899,0.0007406947727178423
1658,34333809,0.00033730153957381936
1659,34338839,0.000233182567805625
1660,34360629,0.0003074236921457936
1661,34360723,0.0007574919708432135
1662,34361728,0.00046228333858408196
1663,34361810,0.000407103076377314
1664,34370632,0.0008394457707115125
1665,34371135,0.0008417427218270024
1666,34388167,0.00026838865806436146
1667,34389944,0.0009822678749265793
1668,34398423,0.0002621755014432276
1669,34415718,0.00038212284014286623
1670,34419412,0.00010589528770315205
1671,34419575,0.0006697461682065629
1672,34420053,0.0001586236681069832
1673,34431569,7.629704984740887e-05
1674,34432296,0.000560794423201125
1675,34439773,0.0007551391637609716
1676,34439875,0.0002989012318846495
1677,34443685,0.00020783914147764782
1678,34445273,0.00043041381330956156
1679,34454184,0.00029938162714015896
1680,34460074,0.00042312608246352864
1681,34467929,0.0007272734101937816
1682,34472829,0.0003103714549044799
1683,34474869,0.0012445030287937726
1684,34478485,0.0006775464100531947
1685,34484178,9.310828936304405e-05
1686,34494875,0.0005926324048336722
1687,34496109,0.0006748205209379326
1688,34499200,0.0008661056122588488
1689,34504303,0.0011317202777571319
1690,34506693,0.0007576168196779874
1691,34506797,0.00024052436583773588
1692,34516251,0.000659400784274013
1693,34517324,8.012619926208364e-05
1694,34526600,0.0007007986397811068
1695,34526616,0.00017339469302864855
1696,34528343,0.0003168723680185742
1697,34529143,0.0002742352659597419
1698,34529321,0.0006328292106146599
1699,34530072,7.843400369330382e-05
1700,34534282,0.0008951107784520195
1701,34534632,0.000592057665455649
1702,34554085,0.0006804919589856011
1703,34564152,0.0008097380245888552
1704,34576085,0.0005785352269327052
1705,34576225,0.0007606042314928864
1706,34576280,0.000132768868420063
1707,34577022,0.0005518847638448957
1708,34590712,0.0010839174455402059
1709,34590903,0.0003305268371964278
1710,34600037,0.0012460742049159414
1711,34619176,0.00016011254663945504
1712,34624440,0.0005738264539104697
1713,34633841,0.0004077608971528783
1714,34634508,0.0006285644621613196
1715,34637839,0.0010452602477184446
1716,34639230,0.0006271835778199795
1717,34641569,0.0002910766817890825
1718,34645265,9.519890799779607e-05
1719,34651217,0.0008075244460529901
1720,34656695,0.0001349755643886033
1721,34668065,0.00011338100567060424
1722,34673132,0.00042905096259837107
1723,34675139,0.001080288589056152
1724,34681923,0.0008588238111850278
1725,34698084,0.0005868612104654136
1726,34706613,0.0006673089463291105
1727,34725889,0.0006817526676970698
1728,34736529,0.0006842038880440136
1729,34750606,0.0003754922236542499
1730,34751649,9.17719731126348e-05
1731,34768011,0.00027183623363737
1732,34769113,0.0006302526429700493
1733,34775045,8.520899146674631e-05
1734,34798825,0.0006492705481799167
1735,34800428,0.0012418985000320754
1736,34800709,0.0002777904523423972
1737,34801553,0.0001242519125672136
1738,34819136,0.00024368985190330487
1739,34823029,0.0006048223964494514
1740,34830039,0.00010551573204839375
1741,34831391,0.00045148629678213453
1742,34839528,0.00015107387864374993
1743,34858406,0.00018539664775319247
1744,34880873,0.0008802208469862667
1745,34886659,0.00020029895189245406
1746,34886671,0.0006098855105687636
1747,34889983,0.0004509398690952741
1748,34905109,0.0009900691450795997
1749,34918728,8.961692767037398e-05
1750,34920174,0.0008061833647251132
1751,34921694,0.0008213151929527196
1752,34921868,0.00038699066644957124
1753,34925352,0.0007595906030874287
1754,34929082,0.00032810891041603577
1755,34936829,0.00030595616866661856
1756,34941005,0.00023023659040453059
1757,34941722,0.0002558509515462752
1758,34943813,0.001049195513690513
1759,34951361,0.000818113273880463
1760,34952285,0.0007849423253255178
1761,34954103,0.0006061925898148661
1762,34954415,0.000695161806345485
1763,34960651,0.0003585725465467414
1764,34964945,0.00036703748760267163
1765,34979591,0.00012358487783485988
1766,34985299,0.00011321831600784313
1767,34989078,8.491070910637872e-05
1768,34993550,0.0005484690566592335
1769,34997440,0.00016561930476201387
1770,34999227,0.00015487208963135666
1771,35001445,0.00022661370513992932
1772,35007517,0.0003259847394995902
1773,35008951,0.0007947677974663849
1774,35013881,9.524920361616833e-05
1775,35015081,0.00018962283468037052
1776,35026999,0.0007722576837796775
1777,35027135,0.0009835876160196664
1778,35032469,0.00013060027268239536
1779,35033790,0.000605405454103395
1780,35038363,0.000185301163895113
1781,35041129,0.0010999839911482918
1782,35041663,0.0009694934984542178
1783,35044295,0.0001959918384142893
1784,35053266,0.00034908206195727114
1785,35054898,0.00019242899513538303
1786,35058692,7.629704984740887e-05
1787,35073369,0.00011775385036494478
1788,35074372,0.0006529264299696503
1789,35075218,0.0011384760215217503
1790,35086150,0.0006870236442270502
1791,35091347,0.0011386510949936343
1792,35092133,0.0006306077536216781
1793,35107363,0.0005940534807871338
1794,35108787,0.0008077486318210078
1795,35112864,7.829543624351423e-05
1796,35121161,0.00075599910008187
1797,35126401,0.0004978233047286664
1798,35127562,0.0006417959029108725
1799,35136168,0.0001915729863743517
1800,35151767,0.0004619567528431341
1801,35152278,0.00017037040606243583
1802,35152319,0.0007527149665735297
1803,35156235,0.00013907967864789966
1804,35157074,0.000410985032856096
1805,35163367,0.00022749340568691662
1806,35168466,0.00011048169167297655
1807,35173253,0.00032497367779572503
1808,35179654,0.0004798382210646666
1809,35196183,0.0005254899780977911
1810,35202637,0.0007692228772335617
1811,35204765,0.00034436625076107806
1812,35208940,0.00011441624870296634
1813,35209228,0.0004462699627746621
1814,35212479,0.0006243504397723467
1815,35216475,0.0002813478978129302
1816,35220572,0.0008105801052246899
1817,35231068,0.0004078359469702576
1818,35231605,8.069697530577848e-05
1819,35238667,0.0002464853024428705
1820,35246961,0.0001109517197974451
1821,35250996,0.0002255046978374939
1822,35268850,0.0008179605362171471
1823,35271795,0.0005739885290202564
1824,35273602,0.00015313754175971833
1825,35280010,0.0006450513219753416
1826,35281457,0.0007799385369502125
1827,35283417,0.00011222429638981944
1828,35285683,0.0005160530238869162
1829,35286812,0.0003556595946228045
1830,35289673,0.0006095950089498517
1831,35298812,0.00015379763911581656
1832,35307176,8.034672806856759e-05
1833,35311522,0.0005506275494741767
1834,35327536,0.00030783229115753283
1835,35328373,0.0008911641380475424
1836,35328414,0.0007716072621085588
1837,35328578,7.629704984740887e-05
1838,35334207,0.0001404884346571347
1839,35334845,0.0002357094674294759
1840,35335392,0.0002698806611015101
1841,35349841,0.00038791903261956376
1842,35359112,0.0003240126954993719
1843,35365094,0.0006987110372233472
1844,35377230,0.0002268173384874541
1845,35379744,0.0001386655981744085
1846,35398124,0.0002541120492816223
1847,35398721,0.0008432696016083138
1848,35400195,0.0008787739433324379
1849,35411890,0.0007171042872957435
1850,35419659,0.0005584393915177278
1851,35427427,0.00031557147823258825
1852,35438340,0.00015028275369115182
1853,35444957,0.0005524525089270149
1854,35447159,0.0006921508859175794
1855,35448882,0.0002007517745844254
1856,35451187,8.888472498339786e-05
1857,35460799,0.0005552452472793664
1858,35464434,0.0007159659282697248
1859,35491280,0.0006534994554405366
1860,35503471,0.0008411116416161033
1861,35504998,0.0003796237803317129
1862,35524668,0.0007162692684621011
1863,35525867,0.0004984181558488229
1864,35526750,0.0003944638590735026
1865,35529861,0.0002237333620466152
1866,35549999,0.000130828495633797
1867,35561952,0.0008922396590278237
1868,35562938,0.0006419535902307614
1869,35565968,0.0007529723935850448
1870,35569383,0.0001509986116584073
1871,35576825,0.0007557679644604605
1872,35576839,0.0003187609845528071
1873,35597005,0.0004030404065869153
1874,35606728,0.0005156900307795772
1875,35609188,0.0002930672181984851
1876,35612566,0.0006460514142830661
1877,35612699,0.00035035400980769316
1878,35616397,0.0006069991879850095
1879,35622592,9.477275607932834e-05
1880,35628272,0.0008684083665649505
1881,35640417,0.00020676458543802297
1882,35663971,0.0006843050275641137
1883,35663981,0.0008978960285003452
1884,35670240,0.00016520339096583127
1885,35675382,0.00020301965119397353
1886,35675449,0.00037194923580477685
1887,35675660,0.0007886767822663571
1888,35678460,0.00017392945083250064
1889,35684439,0.0010291900111540101
1890,35691054,9.811412015101814e-05
1891,35700313,0.0005840068968842044
1892,35719362,0.00018207062921995663
1893,35723756,0.0002027925461802056
1894,35728946,0.0009503478744968374
1895,35730697,0.00022551345322306104
1896,35736157,0.0006842981176753195
1897,35740884,0.0008618875150173057
1898,35744828,0.00045055473722964065
1899,35749576,0.001116852854010714
1900,35750117,0.0008046572918650084
1901,35758251,0.0002709015319466477
1902,35761329,0.0004460515440464428
1903,35772836,0.0007792673455285047
1904,35777193,0.0010882122159929471
1905,35779615,0.00023005571692536473
1906,35794134,0.0006388079764229163
1907,35796210,0.000499148663941366
1908,35801274,0.00027298008612333614
1909,35802499,8.033901035580826e-05
1910,35806446,0.0003650700215573119
1911,35837385,0.0006923000145925924
1912,35842953,0.0003308391491586985
1913,35850461,0.00022590952339211632
1914,35861021,0.0007217475106787377
1915,35862981,0.0011531230542571546
1916,35862998,0.00015348575381144124
1917,35878176,0.00021024417321423695
1918,35878198,0.00029836381384389186
1919,35881232,0.00010161456077068674
1920,35887376,0.0005994199490194019
1921,35889198,0.0010923067285919514
1922,35892571,0.0007160546064193851
1923,35895375,0.0005082468468311572
1924,35895769,0.00012855161047518345
1925,35897948,0.000902129027747996
1926,35903005,0.0008325416258300115
1927,35917158,9.314709326305118e-05
1928,35920072,0.0006750683219552177
1929,35933786,0.00013231123895430998
1930,35940116,0.0007242759620709231
1931,35944261,0.0008173917117248762
1932,35945701,0.000949709621341056
1933,35947360,0.0007946969073087557
1934,35948174,0.0005830927427384757
1935,35960325,0.0010518534240927257
1936,35961212,0.0002914611025098899
1937,35967376,0.0005423229222909597
1938,35969621,0.0006309851708879455
1939,35987005,0.0006722033900242115
1940,35988923,0.0008517007799142395
1941,35998684,0.0004848918517777207
1942,35999383,0.0002817249122335977
1943,36002552,0.0007025069600638639
1944,36006220,0.0002539462142905573
1945,36006947,0.0006544053308873844
1946,36012523,0.0008331930681270029
1947,36029800,0.00022922949351504552
1948,36059529,0.0008054971774370204
1949,36077151,0.00038871272439249286
1950,36082973,0.0005701099862628571
1951,36089062,0.00019983095567920013
1952,36093205,8.575811391710288e-05
1953,36098333,0.0007827101279420896
1954,36105785,0.0005593848184767928
1955,36112657,9.503714440041891e-05
1956,36121102,0.00016773138331145849
1957,36129981,0.0002649384542596613
1958,36151303,0.0007660632908541789
1959,36153996,0.0004919098702881652
1960,36154903,8.629110223485661e-05
1961,36159852,0.00010620236886444345
1962,36162150,0.0008007051362529989
1963,36163001,0.0006309851708879455
1964,36165156,0.0005904562532178318
1965,36169350,0.0007094328488503999
1966,36173748,0.0006648376048101879
1967,36180829,0.0005656225363424654
1968,36190456,0.00026399088289775845
1969,36191256,0.0001714227309815789
1970,36191421,0.000281059852314419
1971,36194238,0.00024400357718084697
1972,36195284,0.0008887509543994654
1973,36208272,0.0002179464115213966
1974,36210010,8.947376190729381e-05
1975,36215285,0.00016728274082498587
1976,36219221,0.0006336190207124885
1977,36232431,0.00014901390674577225
1978,36235207,0.00012698741529100973
1979,36241284,0.0007481295260884773
1980,36251170,0.00013247561908324307
1981,36251876,0.0009220226517299922
1982,36254907,0.00013846097446455318
1983,36260955,9.050612044134089e-05
1984,36266498,0.00028482494054300853
1985,36266682,0.0006598938271886736
1986,36268757,0.00029427730338620625
1987,36275647,0.0001981247518862937
1988,36279095,0.0006711212429269894
1989,36287985,0.00030770182626637765
1990,36304935,0.00046177845834688284
1991,36322397,0.00040497794173085524
1992,36332790,0.00038133037266508047
1993,36341397,0.00021071700303688067
1994,36341405,0.000760798340729902
1995,36366550,9.819068512167098e-05
1996,36395172,0.0003364599478412223
1997,36430187,0.0003185578338286275
1998,36434075,0.0003596910969980502
1999,36453351,0.0005348598085928561
